ID,,,,,,,,,,,,,,,,,,,,,,,,,,,,,,,,,,,,,,,,,,,,,,,,,,,,,,,,,,,,,,,,,,,,,,,,,,,,,,,,,label
1,304.838,305.238,305.677,306.048,306.472,306.962,307.49,308.122,308.845,309.828,310.958,312.364,314.049,316.107,318.443,321.031,323.79,326.662,329.939,333.956,339.486,347.684,360.572,381.598,415.06,469.775,558.705,700.342,920.815,1251.14,1713.06,2307.54,2990.6,3684.12,4308.6,4831.91,5224.28,5519.13,5734.89,5902.51,6.64337,5.96784,5.66182,5.59628,5.83384,6.41335,7.32106,8.67698,10.5325,12.9456,16.0504,20.0531,25.102,31.5026,39.6323,50.0719,63.6641,81.6903,105.844,138.348,181.842,240.094,317.27,419.222,552.344,724.318,942.515,1210.64,1524.93,1869.7,2199.94,2456.08,2576.87,2535.18,2354.92,2099.19,1812.83,1546.45,1317.78,1140.73,C1
2,324.362,324.819,325.321,325.822,326.374,326.955,327.634,328.362,329.157,330.186,331.358,332.719,334.369,336.281,338.479,340.911,343.531,346.335,349.532,353.492,358.909,366.775,379.06,398.572,429.813,480.483,562.122,691.947,892.757,1190.13,1604.26,2131.86,2736.78,3353.98,3912.66,4370.88,4726.95,5001.98,5201.04,5361.51,8.80777,7.68872,7.05143,6.70331,6.72221,7.08164,7.79575,8.91389,10.4679,12.5995,15.3378,18.9022,23.4456,29.2374,36.6408,46.1656,58.5971,75.0713,97.1456,126.699,166.237,219.02,288.886,380.899,501.189,656.083,852.001,1092.69,1374.01,1679.1,1971.28,2197.41,2306.35,2275.33,2119.35,1893.06,1641.99,1414.2,1217.08,1060.41,C1
3,310.465,310.891,311.377,311.827,312.342,312.881,313.455,314.081,314.73,315.524,316.334,317.319,318.472,319.831,321.495,323.433,325.703,328.244,331.021,334.097,337.727,342.337,348.945,358.773,374.358,399.839,440.768,506.61,610.226,769.372,1003.81,1329.41,1746.6,2233.46,2751.31,3244.54,3677.13,4033.08,4312.05,4530.61,6.92067,6.08932,5.572,5.31306,5.23861,5.42093,5.82544,6.50711,7.50589,8.82527,10.5809,12.8801,15.893,19.7233,24.6345,30.9027,38.8925,49.2472,62.7009,80.5498,104.308,136.297,178.977,235.521,310.105,407.834,533.837,693.269,888.134,1117.51,1368.21,1615.91,1822.34,1948.95,1970.79,1897.9,1746.56,1554.71,1368.72,1198.09,C1
4,311.865,312.302,312.849,313.374,313.98,314.598,315.244,315.849,316.411,317.102,317.796,318.562,319.471,320.558,321.875,323.499,325.424,327.656,330.179,332.789,335.665,338.662,342.457,347.574,355.433,367.865,387.837,420.434,472.052,552.371,673.605,849.451,1089.76,1387.52,1724.24,2066.73,2385.05,2667.45,2878.2,3053.49,6.32541,5.64489,5.21452,4.94859,4.81649,4.82328,4.94726,5.24375,5.73914,6.49979,7.56184,8.97864,10.8371,13.2313,16.2922,20.159,24.9445,30.9598,38.5617,48.3528,61.2867,78.5977,101.926,133.086,174.728,229.667,301.281,393.243,508.278,647.572,808.06,980.507,1140.62,1266.83,1333.61,1328.07,1271.08,1160,1055.07,950.558,C1
5,317.826,318.283,318.787,319.314,319.927,320.555,321.165,321.721,322.356,322.909,323.438,323.964,324.579,325.27,326.103,327.16,328.415,330.004,331.854,334.041,336.503,339.184,342.32,346.219,351.698,360.03,373.213,394.177,427.951,479.991,559.671,676.441,840.323,1058.69,1332.88,1655.29,2005.72,2359.59,2689.73,2979.97,7.04845,6.12043,5.45811,5.0036,4.70217,4.53349,4.43868,4.47586,4.69524,5.11398,5.78088,6.74494,8.04473,9.82006,12.1153,15.0884,18.9236,23.793,30.0259,37.9581,48.1241,61.5922,79.3754,103.082,134.811,176.956,232.288,304.099,395.506,509.433,645.738,801.832,970.396,1139,1288.71,1399.15,1456.08,1450.34,1393.48,1299.76,C1
6,329.174,329.658,330.169,330.684,331.254,331.857,332.424,332.977,333.511,334.098,334.682,335.294,335.945,336.753,337.649,338.761,340.122,341.794,343.723,346.017,348.502,351.4,354.608,358.464,363.731,371.578,383.778,403.139,433.901,481.629,555.05,663.168,817.394,1027.65,1299.48,1632.72,2009.86,2407.24,2798.36,3153.95,7.50896,6.45992,5.73868,5.21805,4.85188,4.66588,4.57272,4.64838,4.92271,5.37622,6.07367,7.02834,8.3595,10.0901,12.3721,15.3274,19.0976,23.9202,30.0313,37.8389,47.8578,60.8909,78.1803,101.214,132.074,173.125,227.25,297.673,387.879,501.106,638.826,799.929,979.692,1168.28,1347.78,1497.46,1595.02,1626.44,1592.92,1513.16,C1
7,330.723,331.189,331.692,332.211,332.773,333.385,333.989,334.519,335.052,335.621,336.204,336.841,337.58,338.352,339.287,340.393,341.776,343.465,345.481,347.814,350.419,353.298,356.43,360.133,365.038,372.124,382.804,399.456,425.47,465.524,526.686,618.506,752.535,944.932,1210.25,1559.35,1991.71,2485.55,2999.3,3502.69,6.63871,5.79376,5.22294,4.86803,4.59015,4.48652,4.44681,4.58122,4.88941,5.37549,6.07959,7.04307,8.39059,10.1519,12.4507,15.4263,19.2147,24.0682,30.1423,37.8924,47.7412,60.7594,77.8833,100.66,131.18,171.88,225.583,295.9,386.57,502.446,646.463,822.339,1029.77,1265.57,1515.8,1758.56,1961.03,2089.71,2129.78,2073.82,C1
9,304.375,304.724,305.113,305.5,305.965,306.516,307.098,307.7,308.305,308.979,309.632,310.272,310.909,311.604,312.368,313.255,314.29,315.515,316.975,318.7,320.658,322.84,325.355,328.412,332.491,338.457,347.513,361.678,383.807,417.393,468.057,541.935,647.408,795.105,999.807,1275.11,1634.99,2077.9,2589.34,3140.59,6.22573,5.36021,4.79632,4.44673,4.24261,4.20382,4.24907,4.41005,4.68433,5.05569,5.56418,6.28209,7.27785,8.62469,10.4035,12.7678,15.8733,19.8265,25.0168,31.6857,40.2533,51.6192,66.495,86.319,112.815,148.052,194.543,255.278,333.765,433.245,557.351,708.735,890.765,1103.37,1344.39,1603.23,1860.55,2086.21,2248,2327.81,C1
10,321.42,321.801,322.206,322.614,323.13,323.726,324.378,325.108,325.84,326.633,327.343,328.048,328.75,329.445,330.187,331.039,332.05,333.282,334.751,336.501,338.53,340.861,343.492,346.524,350.51,356.153,364.613,377.68,398.361,429.676,476.377,544.691,640.77,774.652,958.775,1205.4,1529.78,1936.83,2419.65,2950.26,7.07197,6.04739,5.33799,4.90862,4.68241,4.65238,4.70002,4.8714,5.10349,5.38745,5.80314,6.41031,7.26117,8.47161,10.1503,12.356,15.3061,19.0991,24.0395,30.3686,38.4611,49.1002,62.9338,81.3127,105.844,138.473,181.618,238.05,310.97,403.609,518.426,658.759,826.447,1023.97,1249.6,1495.78,1748.95,1981.98,2160.85,2272.84,C1
11,313.958,314.358,314.748,315.135,315.625,316.209,316.841,317.505,318.16,318.875,319.623,320.387,321.202,322.078,323.052,324.155,325.453,327.012,328.78,330.877,333.205,335.918,338.835,342.101,346.079,351.402,359.075,370.673,388.542,415.743,456.226,514.803,597.533,711.788,869.846,1087.61,1381.61,1769.33,2254.11,2821.97,7.18335,6.09607,5.36568,4.93057,4.66678,4.60301,4.66056,4.79746,5.0868,5.48212,6.05216,6.82623,7.81256,9.13607,10.8775,13.0948,15.974,19.6643,24.3204,30.2652,37.8836,47.5732,60.3076,77.0538,99.4625,129.364,169.013,221.089,288.563,375.006,482.851,615.852,777.622,971.559,1200.49,1462.94,1749.1,2038.88,2296.98,2489.74,D1
12,318.369,318.769,319.174,319.58,320.106,320.655,321.3,321.923,322.558,323.237,323.904,324.603,325.325,326.137,327.08,328.165,329.476,331.027,332.885,335.091,337.553,340.287,343.292,346.681,350.871,356.585,364.919,377.609,397.212,426.89,470.955,534.297,623.721,748.697,921.618,1158.17,1476.23,1883.74,2382.59,2945.31,7.68024,6.45907,5.63783,5.11936,4.79386,4.6716,4.66913,4.74997,5.02356,5.37018,5.91808,6.723,7.77212,9.18629,11.0219,13.4184,16.5159,20.404,25.3878,31.6342,39.5344,49.8988,63.2968,81.0453,104.788,136.439,178.371,233.294,304.294,394.691,507.523,646.091,814.07,1015.54,1249.8,1513.18,1792.6,2062.15,2291.15,2449.99,D1
14,314.153,314.508,314.915,315.315,315.81,316.395,317.011,317.669,318.345,319.056,319.822,320.562,321.392,322.274,323.247,324.346,325.637,327.194,328.979,331.071,333.501,336.072,338.946,342.141,346.028,351.166,358.55,369.817,387.141,413.96,454.005,512.17,594.901,710.101,869.888,1089.88,1389,1783.42,2280.97,2861.76,7.29161,6.17128,5.44283,4.9694,4.70724,4.63273,4.68027,4.81596,5.10092,5.50581,6.06538,6.81679,7.83046,9.15617,10.8821,13.1354,16.0012,19.7296,24.3822,30.3361,37.8825,47.724,60.466,77.3214,99.8852,129.974,170.007,222.603,290.886,378.549,488.515,623.986,789.061,987.939,1222.99,1492.44,1788.51,2086.96,2356.32,2557.99,D1
16,324.688,325.174,325.697,326.151,326.708,327.327,327.995,328.731,329.602,330.645,331.904,333.382,335.148,337.266,339.59,342.103,344.75,347.532,350.575,354.381,359.575,367.446,379.649,399.801,431.869,484.771,570.427,708.445,924.691,1249.65,1709.13,2304.76,2995.59,3701.06,4342.77,4871.25,5268.82,5558.87,5769.83,5929.45,7.04244,6.41879,6.13235,6.108,6.35075,6.91791,7.82884,9.11792,10.9171,13.2812,16.312,20.1914,25.1078,31.3121,39.2061,49.3778,62.6912,80.4291,104.292,136.406,179.599,237.133,313.689,414.603,546.801,718.177,935.683,1204.84,1522.59,1871.06,2209.98,2478.36,2608.96,2573.71,2392.69,2122.99,1825.52,1545,1309.34,1118.49,H1
17,321.375,321.796,322.281,322.735,323.258,323.815,324.368,324.933,325.423,325.978,326.546,327.119,327.746,328.534,329.414,330.543,331.891,333.607,335.58,337.921,340.56,343.429,346.54,350.061,354.393,360.318,369.078,382.561,403.934,436.714,487.24,563.366,676.387,839.927,1072.21,1391.72,1816.41,2350.53,2985.24,3671.68,5.94675,5.22406,4.76193,4.43113,4.24255,4.17031,4.19637,4.32633,4.61593,5.09601,5.77711,6.75977,8.05169,9.76192,12.0331,14.9091,18.5783,23.2196,29.085,36.5275,46.104,58.2834,74.3742,95.7442,124.419,162.773,213.804,281.055,369.076,482.523,626.464,805.873,1024.88,1284.51,1582.09,1905.88,2234.35,2533.35,2759.68,2883.31,H1
18,326.405,326.841,327.315,327.8,328.371,329.035,329.697,330.378,331.03,331.686,332.345,333.004,333.728,334.575,335.602,336.813,338.318,340.095,342.209,344.577,347.078,349.873,352.83,356.285,360.787,367.262,377.176,392.554,416.932,454.497,512.789,601.26,732.536,923.467,1192.88,1560.11,2032.9,2603.7,3234.19,3881.98,6.68915,5.85786,5.33024,5.00245,4.81327,4.76808,4.80582,4.97763,5.27227,5.75868,6.45856,7.45685,8.84201,10.6722,13.0546,16.1115,20.0102,24.9303,31.1102,38.9912,49.2174,62.5132,80.1699,103.833,135.626,178.063,234.344,308.291,404.652,528.553,684.504,878.062,1112.03,1385.77,1689.11,2003.61,2297.87,2529.39,2666.91,2687.94,H1
19,345.169,345.637,346.117,346.632,347.204,347.821,348.433,349.009,349.535,350.135,350.731,351.333,351.999,352.78,353.707,354.868,356.288,358.038,360.076,362.501,365.193,368.114,371.215,374.783,379.253,385.418,394.707,409.413,431.826,466.591,520.674,602.479,723.419,898.21,1145.17,1481.72,1919.88,2464.29,3093.3,3767.91,6.91965,5.98767,5.35293,4.95747,4.68161,4.57391,4.54043,4.63843,4.91291,5.3538,6.03829,7.0276,8.36682,10.1553,12.4857,15.4736,19.2598,24.052,30.1371,37.8047,47.7169,60.3632,77.1238,99.4269,129.365,169.397,222.636,292.84,384.221,501.915,650.842,835.556,1059.58,1323.43,1621.59,1940.65,2256.33,2533.05,2728.38,2829.22,H1
20,342.049,342.463,342.927,343.435,344.004,344.588,345.223,345.818,346.379,346.968,347.55,348.169,348.826,349.59,350.528,351.684,353.106,354.811,356.959,359.415,362.167,365.167,368.511,372.31,377.215,384.269,394.946,411.51,437.948,478.396,540.591,632.803,765.487,950.944,1199.12,1518.84,1905.34,2342.9,2804.37,3253.03,6.18423,5.43008,4.95112,4.63964,4.46057,4.38978,4.43971,4.56794,4.84305,5.31635,5.97785,6.97018,8.26046,10.0182,12.3081,15.2522,18.988,23.7074,29.6504,37.1405,46.7725,59.0725,75.3349,96.9894,125.983,164.64,215.721,282.554,368.719,477.863,612.629,774.561,961.856,1170.16,1386.45,1593.94,1766,1881.29,1921.18,1886.56,H1
21,310.562,310.947,311.378,311.805,312.335,312.925,313.595,314.318,315.055,315.858,316.577,317.318,318.076,318.876,319.757,320.837,322.087,323.57,325.396,327.529,329.934,332.621,335.593,339.089,343.596,349.961,359.567,374.278,397.119,431.535,482.89,557.355,663.007,810.83,1014.71,1289.5,1646.63,2087.54,2591.91,3137.38,7.1727,6.11644,5.43811,5.0252,4.79793,4.7754,4.85253,5.04257,5.30758,5.68611,6.24455,6.99931,8.0425,9.47658,11.3825,13.8979,17.1494,21.3059,26.613,33.381,42.1126,53.3066,68.1013,87.6905,113.905,148.83,194.955,255.2,333.084,431.921,554.454,704.039,884.036,1093.84,1332.88,1587.75,1841.64,2061.5,2217.88,2284.89,H1
22,320.246,320.697,321.162,321.625,322.184,322.798,323.45,324.046,324.627,325.201,325.725,326.21,326.751,327.366,328.067,328.945,330.038,331.387,333.09,335.073,337.405,340.034,342.991,346.495,351.129,357.883,368.114,384.07,409.278,446.99,504.063,587.191,707.263,876.425,1110.82,1423.68,1823.96,2300.18,2831.35,3366.16,7.07376,6.06537,5.43501,4.98377,4.67267,4.53839,4.48546,4.51976,4.6594,4.97642,5.46855,6.28309,7.42802,8.96278,11.0647,13.8071,17.3668,21.9244,27.7845,35.2176,44.722,57.2091,73.5679,95.2533,124.272,162.854,213.802,280.23,366.054,474.551,609.599,774.001,970.572,1197.75,1449.87,1707.9,1950.27,2141.73,2252.89,2285.24,H1
23,318.235,318.606,319.027,319.437,319.903,320.44,321.014,321.588,322.119,322.744,323.309,323.863,324.453,325.118,325.874,326.711,327.741,328.961,330.471,332.273,334.315,336.722,339.433,342.678,346.935,352.95,362.043,375.904,397.493,429.468,477.159,546.223,645.565,786.321,986.428,1264.38,1637.42,2113.96,2688.4,3320.38,6.86987,5.85921,5.13343,4.66982,4.39068,4.26312,4.24107,4.3285,4.52469,4.89073,5.38937,6.12396,7.17795,8.58877,10.4655,12.9498,16.1594,20.3589,25.7185,32.6441,41.5291,53.2179,68.517,88.7208,115.722,151.582,198.908,260.715,340.729,442.739,570.243,728.552,922.579,1154.95,1426.37,1728.91,2042.22,2336.23,2567.78,2715.9,H1
25,335.982,336.439,336.908,337.404,337.924,338.477,339.119,339.801,340.578,341.549,342.716,344.024,345.639,347.557,349.77,352.223,354.835,357.602,360.659,364.357,369.298,376.749,388.165,406.358,435.863,483.905,561.715,686.534,882.075,1177.45,1600.22,2156.64,2817.23,3515.7,4165.4,4718.4,5141.77,5458.91,5693.05,5871.67,7.53342,6.74186,6.25253,6.12954,6.21867,6.69438,7.48834,8.63754,10.2717,12.4373,15.243,18.8757,23.521,29.431,36.9433,46.5855,59.1659,75.8216,98.0658,128.018,168.246,221.901,293.17,387.163,510.673,670.733,874.637,1127.79,1429.55,1766.73,2103.5,2384.93,2547.36,2552.07,2406.51,2165.99,1877.99,1598.68,1357.51,1160.97,I1
26,331.435,331.888,332.396,332.808,333.262,333.711,334.213,334.792,335.449,336.314,337.314,338.527,339.969,341.701,343.715,346.011,348.505,351.248,354.278,357.936,362.836,369.95,380.942,398.554,426.535,472.005,545.219,662.178,845.563,1122.06,1516.66,2041.64,2671.92,3347.28,3986.46,4534.16,4976.33,5302.19,5550.94,5730.93,6.64672,5.98793,5.57826,5.42701,5.5122,5.93457,6.66319,7.79273,9.35814,11.4284,14.1162,17.6028,22.0202,27.6534,34.8538,44.1031,56.1118,71.9758,93.1005,121.447,159.494,210.158,277.476,366.589,483.26,634.505,826.977,1066.03,1352.47,1674.88,2000.27,2281.56,2456.12,2482.29,2360.79,2130.39,1872.61,1598.76,1365.07,1164.86,I1
27,326.008,326.486,327.009,327.542,328.158,328.777,329.418,329.992,330.573,331.228,331.83,332.537,333.303,334.179,335.226,336.529,338.1,340,342.259,344.83,347.74,350.696,354.146,358.4,364.413,373.438,387.768,410.745,447.163,504.385,591.893,720.671,902.491,1146.97,1453.94,1815.94,2211.62,2617.06,2990.08,3367.03,7.07853,6.1531,5.5965,5.174,4.91256,4.82291,4.83757,4.98037,5.32714,5.89334,6.73337,7.84911,9.37201,11.3729,14.0019,17.3469,21.6249,27.0572,33.8531,42.5129,53.7077,68.3746,87.9111,114.048,149.083,195.642,256.876,336.315,437.602,563.963,715.45,889.566,1077.82,1266.58,1433.5,1558.73,1626.23,1629.36,1583.12,1507.44,I1
28,313.525,313.926,314.412,314.823,315.345,315.894,316.446,317.002,317.52,318.074,318.642,319.23,319.881,320.627,321.504,322.546,323.785,325.303,327.113,329.19,331.625,334.137,337.102,340.774,345.82,353.451,365.297,384.188,413.56,459.374,530.083,635.809,790.582,1010.45,1309.43,1695.5,2162.15,2683.61,3226.19,3742.12,6.62175,5.68646,5.08922,4.69972,4.44222,4.34778,4.36014,4.48151,4.78476,5.28904,6.02795,7.05438,8.40031,10.2286,12.6098,15.6655,19.623,24.7506,31.2494,39.6652,50.5571,64.8896,83.8589,109.244,143.176,188.318,247.894,325.886,426.202,553.978,712.72,904.402,1129.18,1379.73,1640.92,1886.48,2084.71,2206.62,2240.43,2199.51,I1
29,294.064,294.498,294.94,295.409,295.938,296.533,297.098,297.638,298.139,298.677,299.21,299.756,300.4,301.1,301.942,302.929,304.115,305.56,307.216,309.168,311.449,313.92,316.884,320.598,325.894,333.863,346.425,366.176,397.713,446.182,519.051,624.479,769.097,959.244,1197.14,1476.95,1784.85,2107.89,2424.78,2708.06,6.18204,5.40229,4.89501,4.55091,4.32776,4.2231,4.1826,4.26287,4.531,4.92852,5.53733,6.4252,7.61726,9.22415,11.2922,13.9797,17.4139,21.8112,27.4401,34.6902,44.0842,56.3779,72.6378,94.2802,123.175,161.504,211.691,276.482,358.775,460.499,581.007,718.626,866.663,1015.59,1153.04,1261.7,1335.31,1356.81,1336.17,1277.64,I1
30,322.339,322.753,323.232,323.712,324.278,324.931,325.628,326.351,327.093,327.844,328.571,329.289,329.974,330.703,331.488,332.346,333.341,334.529,335.873,337.511,339.322,341.421,343.78,346.753,350.738,356.54,365.412,379.16,401.08,434.012,483.503,555.968,659.914,806.959,1012.82,1291.78,1658.16,2114.99,2647.4,3211.48,7.57648,6.46186,5.72045,5.25323,4.98167,4.87735,4.8515,4.96084,5.16922,5.43898,5.89381,6.55212,7.44984,8.71988,10.4502,12.7491,15.7761,19.7272,24.8945,31.5881,40.2591,51.7958,66.9015,87.0473,113.936,149.7,196.878,258.548,338.523,440.21,567.149,723.26,911.188,1134.17,1387.56,1661.5,1933.58,2181.23,2361.1,2456.15,I1
31,321.194,321.593,322.076,322.533,323.145,323.781,324.537,325.269,325.97,326.737,327.396,327.999,328.605,329.205,329.894,330.675,331.627,332.762,334.172,335.847,337.752,340.05,342.621,345.781,349.967,356.029,365.16,379.317,401.886,435.217,485.894,559.298,663.866,810.592,1012.43,1284.05,1639.37,2081,2590.3,3148.36,6.74991,5.85857,5.27679,4.89716,4.70377,4.66654,4.70192,4.77717,4.92584,5.18306,5.55938,6.13842,7.06356,8.34658,10.0859,12.4619,15.5626,19.6353,24.868,31.626,40.3631,51.8026,66.8283,86.6857,113.273,148.501,195.078,255.863,334.517,433.969,557.803,709.024,890.518,1103.04,1344.08,1603.92,1867.12,2099.56,2272.18,2363.55,I1
32,317.538,317.92,318.419,318.845,319.415,320.066,320.75,321.483,322.183,322.91,323.571,324.222,324.912,325.645,326.483,327.45,328.667,330.105,331.849,333.916,336.37,339.019,342.095,345.613,350.159,356.537,366.216,381.126,404.999,441.035,495.971,577.163,693.141,855.013,1076.85,1369.91,1742.23,2190.11,2695.88,3217.21,6.68045,5.80848,5.2276,4.91922,4.73506,4.73997,4.79458,4.90014,5.12775,5.47736,5.98781,6.794,7.8555,9.37168,11.327,13.9417,17.3319,21.6533,27.2482,34.354,43.4278,55.2663,70.7475,91.2402,118.635,155.126,203.44,266.647,348.61,452.569,581.522,738.372,923.792,1136.86,1373.24,1617.71,1850.54,2043.31,2165.67,2207.83,I1
33,320.941,321.405,321.887,322.367,322.881,323.43,324.089,324.795,325.603,326.589,327.787,329.175,330.849,332.83,335.105,337.607,340.244,343.099,346.175,349.866,354.961,362.229,373.714,392.606,422.585,471.639,550.992,677.087,871.387,1156.23,1546.66,2030.76,2569.27,3098.86,3562.69,3934.4,4216.6,4428.81,4583.83,4707.26,6.27517,5.74819,5.53683,5.53249,5.76555,6.30685,7.11481,8.28756,9.86902,11.9894,14.6668,18.0958,22.4251,27.8828,34.7876,43.5498,55.0014,70.1258,90.3542,117.596,154.153,203.035,267.881,353.519,465.135,608.754,789.741,1009.47,1262.76,1530.58,1775.06,1947.79,2008,1941.93,1781.45,1567.91,1348.19,1147.74,981.968,852.232,Z1
34,329.404,329.849,330.307,330.746,331.239,331.777,332.396,333.105,333.94,335.011,336.275,337.817,339.668,341.872,344.41,347.159,350.064,353.055,356.343,360.183,365.276,372.929,384.762,404.209,435.196,485.829,567.707,698.104,899.827,1195.8,1604.65,2115.25,2688.61,3256.5,3759.15,4160.66,4466.46,4692.65,4862.57,5006.89,6.72728,6.10278,5.80081,5.76985,5.96564,6.55147,7.42693,8.70843,10.4443,12.716,15.5913,19.2707,23.8516,29.5885,36.7832,45.9578,57.8333,73.5668,94.5533,122.918,161.094,212.066,279.801,369.351,486.293,636.74,826.26,1057.6,1325.81,1610.31,1875.02,2065.48,2137.89,2077.5,1908.38,1682.59,1446.25,1233.21,1051.34,920.389,Z1
35,329.828,330.28,330.772,331.273,331.855,332.47,333.084,333.654,334.224,334.835,335.481,336.11,336.831,337.708,338.749,340.041,341.603,343.506,345.696,348.198,350.97,354.082,357.348,361.005,365.556,371.745,380.949,395.192,417.707,452.469,506.143,587.555,706.801,878.741,1118.39,1445.72,1872.3,2401.68,3014.2,3677.54,6.70045,5.87568,5.28902,4.94308,4.68748,4.59832,4.60314,4.74154,5.06864,5.55987,6.2861,7.32749,8.71373,10.5311,12.9206,15.9144,19.7066,24.4549,30.4076,37.9693,47.5728,60.1073,76.5396,98.3652,127.686,166.96,219.171,287.957,377.746,493.294,638.818,819.174,1037.04,1292.76,1581.82,1891.5,2196.96,2467.11,2659.53,2744.81,Z1
36,305.026,305.418,305.906,306.405,306.974,307.565,308.157,308.733,309.28,309.865,310.436,311.074,311.738,312.548,313.513,314.644,316.033,317.731,319.66,321.842,324.291,326.806,329.632,332.958,337.386,343.813,353.572,368.755,392.909,430.019,487.978,575.857,707.009,898.517,1171.43,1546.77,2034.45,2625.42,3301.17,3966.56,5.75321,5.12089,4.71549,4.50415,4.32874,4.30072,4.36193,4.50724,4.82253,5.33595,6.06704,7.08916,8.47429,10.2946,12.6202,15.6337,19.4683,24.3401,30.517,38.4092,48.7096,62.0877,79.8969,103.78,135.804,178.52,235.22,309.751,406.984,532.218,690.495,887.111,1126.59,1407.56,1723.75,2054.91,2364.17,2614.29,2752.2,2799.13,Z1
37,305.252,305.649,306.116,306.593,307.139,307.755,308.367,308.924,309.468,310.052,310.641,311.211,311.873,312.576,313.433,314.448,315.696,317.164,318.958,320.987,323.235,325.701,328.442,331.633,335.808,341.873,351.093,365.455,388.307,423.834,479.653,565.111,694.822,886.91,1163.59,1551.68,2065.23,2707.22,3439.47,4215.02,5.51187,4.89858,4.55564,4.32916,4.23642,4.22916,4.28122,4.43585,4.75528,5.22609,5.90364,6.90408,8.23729,9.98956,12.3222,15.3281,19.1956,24.1329,30.5227,38.7012,49.364,63.1681,81.6069,106.18,139.142,183.207,241.713,318.903,419.794,550.511,717.336,925.816,1182.36,1488.84,1839.25,2212.54,2575.77,2881.59,3080.25,3158.57,Z1
38,301.02,301.425,301.898,302.398,302.968,303.595,304.21,304.796,305.391,305.996,306.59,307.203,307.864,308.596,309.45,310.455,311.704,313.247,315.006,317.103,319.517,322.07,325.11,328.767,333.809,341.311,352.881,371.173,399.928,444.059,511.154,610.751,754.663,956.401,1228.53,1576.78,1993.69,2460.32,2935.8,3382.89,5.37282,4.82453,4.50728,4.3182,4.21745,4.23908,4.30753,4.47212,4.7831,5.24939,5.92278,6.85292,8.12154,9.81838,12.0438,14.956,18.694,23.511,29.6178,37.4716,47.702,60.9182,78.5529,101.937,133.307,174.932,229.782,301.387,393.347,509.701,652.822,824.666,1024.05,1244.7,1471.9,1682.81,1847.77,1945.41,1961.7,1906.37,Z1
39,315.955,316.329,316.69,317.093,317.529,318.012,318.484,318.94,319.41,319.938,320.494,321.09,321.748,322.505,323.36,324.365,325.552,326.983,328.594,330.451,332.435,334.821,337.602,341.299,346.72,355.06,368.077,388.799,420.805,469.307,542.277,649.582,803.011,1018.02,1307.94,1680.34,2127.71,2620,3125.83,3606.09,7.0762,5.99013,5.20318,4.66933,4.34833,4.18998,4.15832,4.30718,4.63452,5.14538,5.89701,6.90561,8.24274,10.0243,12.323,15.2797,19.1323,24.1136,30.5268,38.8398,49.7441,64.1789,83.4427,109.129,143.395,188.708,248.171,325.195,423.801,547.591,699.712,882.217,1093.89,1329.1,1572.06,1797.6,1976.48,2080.53,2102.47,2061.04,Z1
40,316.676,317.014,317.328,317.649,317.988,318.325,318.773,319.188,319.643,320.21,320.842,321.564,322.329,323.212,324.2,325.341,326.614,328.145,329.814,331.756,333.985,336.353,339.11,342.495,347.154,354.037,364.621,381.101,407.067,446.389,506.048,594.329,722.747,906.485,1161.89,1504.71,1936.79,2448.49,3003.51,3555.55,6.97904,5.82458,4.97444,4.42775,4.05757,3.95322,3.99112,4.21552,4.63064,5.24942,6.03266,7.06567,8.37426,10.077,12.216,14.9381,18.472,23.0502,28.899,36.5008,46.3648,59.4315,76.703,99.7236,130.562,171.569,225.563,296.041,387.036,502.854,647.166,823.864,1035.08,1279.33,1547.69,1819.96,2065.31,2252.04,2350.36,2366.54,Z1
41,315.623,315.996,316.409,316.846,317.347,317.938,318.55,319.19,319.81,320.474,321.084,321.761,322.405,323.115,323.946,324.904,326.076,327.565,329.29,331.339,333.61,336.219,339.116,342.57,347.222,354.013,364.392,380.604,406.217,444.862,503.531,589.529,714.282,892.391,1138.61,1468.19,1886.73,2383.59,2927.44,3483.92,7.16098,6.07101,5.35926,4.96168,4.66722,4.58561,4.63496,4.74383,5.01286,5.4167,6.00457,6.83899,7.99371,9.5918,11.6811,14.4492,18.0312,22.6761,28.5663,36.169,45.933,58.6785,75.5122,97.9315,127.973,167.885,220.539,289.308,378.004,490.835,631.235,802.975,1007.86,1245.8,1506.8,1773.73,2019.48,2212.6,2324.62,2354.75,Z1
43,475.145,474.672,474.507,474.509,474.672,474.913,475.326,475.838,476.411,477.216,478.182,479.306,480.675,482.422,484.51,486.952,489.814,492.729,496.758,502.119,509.241,520.204,537.489,564.523,608.527,680.19,797.109,986.647,1291.48,1771.54,2509.07,3563.93,4962.62,6616.62,8350.88,9927.88,11215.9,12166.8,12846.5,13281.3,21.2511,16.6713,13.6264,11.6667,10.6138,10.4574,11.0337,12.39,14.6242,17.8509,22.2877,28.225,36.1604,46.6214,60.3137,78.3471,102.095,133.369,175.281,231.427,306.426,406.879,540.607,717.065,949.911,1254.33,1649.22,2151.86,2776.8,3524.28,4364.5,5197.38,5881.75,6246.7,6191.98,5739.72,5035.95,4256.65,3495.89,2859.65,C0
44,323.156,323.562,324.027,324.578,325.191,325.869,326.681,327.612,328.765,330.138,331.756,333.602,335.684,337.973,340.432,343.044,346.015,349.696,354.732,362.14,373.515,391.699,420.76,467.619,543.12,663.361,849.96,1127.9,1514.64,2007.4,2568.8,3135.69,3642.72,4060.54,4377.69,4609.56,4785.39,4920.99,5041,5137.98,7.06436,6.65757,6.61166,6.89014,7.49293,8.51786,9.97897,11.9451,14.5368,17.8069,22.0274,27.3469,34.1418,42.8942,54.3864,69.5788,89.941,117.212,153.782,202.532,267.217,352.014,463.15,606.438,787.656,1009.98,1269.91,1551.32,1818.05,2022.39,2112.53,2070.32,1913.61,1696.19,1458.24,1239.12,1051.67,905.254,792.927,719.373,C0
45,310.349,310.796,311.287,311.715,312.227,312.807,313.492,314.313,315.277,316.494,317.922,319.647,321.651,323.902,326.379,329.02,331.938,335.289,339.621,345.694,354.641,368.524,390.311,426.167,483.868,577.991,728.296,962.331,1309.83,1791.07,2397.72,3080.5,3754.53,4348.05,4822.07,5173.01,5423.92,5606.26,5742.3,5848.18,7.55611,6.85972,6.61838,6.67753,7.10446,7.94451,9.24011,11.0354,13.4516,16.5727,20.6006,25.7113,32.214,40.5204,51.2886,65.4693,84.2867,109.495,143.247,188.347,248.45,327.957,432.141,569.209,745.342,968.544,1241.63,1559.8,1898.99,2215.78,2444.29,2527.07,2447.72,2235.92,1955.65,1660.61,1390.56,1163.32,984.495,848.689,C0
46,322.388,322.909,323.507,324.085,324.681,325.309,325.879,326.388,326.931,327.56,328.244,329.075,330.061,331.335,332.893,334.761,336.919,339.254,341.807,344.545,347.719,352.004,358.085,367.449,382.484,407.033,446.657,510.442,611.92,769.365,1003.75,1331.82,1755.01,2246.11,2751.39,3215.78,3604.59,3903.04,4131.39,4300.46,6.32508,5.72319,5.38334,5.21512,5.09993,5.20418,5.48054,6.00972,6.86591,8.11188,9.80119,12.0628,15.021,18.8066,23.6451,29.7186,37.4623,47.4843,60.5699,77.978,101.342,132.714,174.642,230.373,304.009,400.351,524.696,682.026,875.7,1104.07,1353.42,1596.01,1791.71,1895.82,1885.96,1771.83,1597.88,1397.94,1213.01,1051.58,C0
47,322.336,322.765,323.258,323.722,324.259,324.73,325.199,325.6,326.017,326.509,327.087,327.777,328.692,329.856,331.295,333.072,335.165,337.49,339.994,342.797,345.969,350.277,356.331,365.702,380.601,404.926,443.935,506.949,606.99,761.926,994.055,1320.01,1746.34,2248.91,2776.46,3274.32,3698.56,4032.46,4290.46,4492,5.54875,5.02395,4.71134,4.53029,4.43902,4.55965,4.85054,5.37824,6.26375,7.53758,9.22505,11.5504,14.5199,18.3635,23.2653,29.4535,37.329,47.4361,60.6826,78.2148,101.664,133.155,175.226,231.141,305.042,401.916,526.9,685.654,881.434,1113.82,1371.2,1626.16,1841.35,1967.95,1980.96,1882.86,1716.75,1516.95,1318.57,1156.41,C0
48,331.777,332.231,332.671,333.113,333.605,334.078,334.584,335.06,335.565,336.183,336.872,337.663,338.655,339.916,341.476,343.355,345.54,348.008,350.643,353.485,356.767,360.959,366.892,375.83,390.165,413.608,451.116,511.99,608.179,757.727,982.539,1299.72,1714.95,2205.61,2721.75,3207.84,3623.1,3953.79,4206.68,4404.12,6.50057,5.6896,5.21404,4.93136,4.81549,4.90976,5.2276,5.78312,6.6676,7.92087,9.61269,11.8774,14.7875,18.5576,23.3414,29.3534,37.0028,46.8504,59.6355,76.5691,99.3388,129.714,170.449,224.618,296.336,390.448,511.964,666.826,857.423,1084.37,1336.17,1586.85,1798.35,1924.47,1939.73,1847.01,1683.95,1489.4,1298.4,1134.46,C0
49,320.674,321.083,321.61,322.13,322.792,323.439,324.112,324.712,325.267,325.864,326.458,327.115,327.938,328.924,330.182,331.724,333.56,335.625,337.929,340.419,343.287,346.652,351.289,358.162,368.889,386.068,413.7,457.476,526.329,633.584,796.116,1032.46,1354.66,1763.13,2232.12,2715.61,3171.9,3568.09,3893.53,4161.98,6.18072,5.574,5.21527,5.05137,4.96366,5.03205,5.1707,5.46677,6.03888,6.91752,8.15483,9.87528,12.1962,15.2008,19.0543,23.9736,30.1961,38.1947,48.4992,62.0999,80.248,104.476,136.904,180.168,237.486,312.693,410.764,536.087,692.954,884.378,1106.43,1346.71,1578.32,1767.04,1876.15,1890.28,1815.84,1686.63,1534.37,1388.55,C0
51,320.421,320.801,321.223,321.672,322.232,322.855,323.512,324.164,324.762,325.403,326.003,326.666,327.425,328.375,329.571,331.097,332.933,335.092,337.487,340.118,343.15,346.747,351.61,358.911,370.218,388.254,417.222,462.575,533.616,642.156,805.838,1041.15,1360.9,1762.4,2218.72,2686.63,3121.77,3492.18,3798.62,4039.67,5.74853,5.15505,4.8227,4.70036,4.72263,4.8743,5.13206,5.51616,6.08846,6.94785,8.16441,9.87518,12.1726,15.2105,19.135,24.1477,30.5355,38.6727,49.1848,62.9371,81.1492,105.641,138.254,181.764,239.227,314.433,412.115,536.11,690.916,878.022,1094.27,1325.93,1547.17,1722.34,1817.93,1817.83,1737.34,1605.9,1454.05,1316.82,C0
52,314.806,315.278,315.771,316.294,316.889,317.506,318.136,318.775,319.456,320.243,321.074,322.03,323.144,324.509,326.094,327.984,330.135,332.523,335.126,338.008,341.355,345.758,352.092,361.829,377.509,403.192,444.666,511.003,615.861,776.418,1013.38,1339.6,1751.71,2221.47,2697.31,3131.08,3490.65,3773.17,3989.61,4155.04,5.63636,5.20997,5.01972,4.9521,5.01888,5.28502,5.72279,6.34852,7.30706,8.56547,10.281,12.5232,15.3961,19.1245,23.8513,29.8725,37.6049,47.5611,60.6242,78.0104,101.254,132.446,174.137,229.514,302.59,398.206,521.192,675.904,864.636,1084.41,1320.5,1545.04,1718.41,1801.67,1779.03,1666.84,1499.37,1316.01,1146.89,1000.57,D0
54,308.677,309.046,309.479,309.9,310.365,310.848,311.317,311.781,312.27,312.883,313.569,314.393,315.394,316.67,318.278,320.233,322.507,325.074,327.803,330.804,334.307,338.884,345.501,355.675,371.873,398.494,440.768,508.547,615.097,777.734,1016.62,1346,1761.28,2232.85,2710.21,3144.87,3505.2,3791.12,4010.11,4174.52,5.33458,4.8253,4.54473,4.44304,4.43108,4.65458,5.05551,5.71945,6.69441,8.02736,9.83449,12.205,15.2837,19.2298,24.2231,30.5385,38.5331,48.7716,62.1228,79.8852,103.666,135.447,177.969,234.369,308.722,406.028,530.718,687.644,878.997,1101.09,1339.72,1566.64,1741.57,1826.91,1805.93,1695.59,1531.24,1351.57,1183.76,1043.86,D0
55,477.094,476.488,476.251,476.185,476.347,476.592,477.094,477.666,478.376,479.341,480.428,481.805,483.423,485.432,487.827,490.704,493.562,497.465,502.507,509.117,518.878,534.02,557.551,596.073,658.318,759.429,922.02,1181.77,1584.36,2181.36,3005.74,4035.98,5170.66,6259.09,7178.05,7864.31,8358.61,8670.16,8904.35,9000.54,16.0912,12.9188,10.8687,9.74298,9.35186,9.72322,10.7245,12.4555,15.0073,18.5336,23.2935,29.5299,37.7513,48.5387,62.6184,81.1462,105.407,137.546,180.566,238.088,314.834,417.261,552.285,730.072,961.639,1259.56,1634.14,2092.66,2621.29,3181.93,3690.52,4037.9,4117.63,3918.41,3511.13,3001.62,2506.59,2061.4,1737.62,1426.09,H0
56,491.862,491.348,491.172,491.056,491.21,491.479,491.935,492.533,493.313,494.434,495.739,497.274,499.141,501.373,503.774,506.464,509.628,513.281,517.811,524.035,533.962,548.851,573.138,612.684,677.083,783.083,955.043,1228.88,1653.98,2282.75,3145.12,4223.51,5390.65,6500.53,7420.76,8118.11,8613.95,8922.36,9134.15,9234.28,21.4729,16.929,13.8726,12.0049,11.0872,11.1199,11.9946,13.7167,16.321,19.9792,24.8418,31.2983,39.7014,50.6817,65.1305,84.1269,109.189,142.6,187.411,247.54,328.133,435.671,577.716,764.585,1007.52,1320.49,1714.7,2193.37,2744.62,3323.92,3841.97,4181.51,4239.68,4017.39,3583.36,3060.35,2546.49,2116.58,1726.55,1460.88,H0
57,492.051,491.417,491.128,491.034,491.139,491.444,491.897,492.578,493.458,494.563,495.947,497.611,499.965,502.149,504.754,507.737,511.114,515.021,519.661,526.152,535.66,550.812,574.474,612.716,675.193,777.185,942.973,1209.73,1630.21,2268.27,3183.88,4374.77,5763.76,7180.73,8446.49,9444.54,10178.4,10704,11026.2,11270.7,17.7338,14.1511,11.9079,10.6769,10.2783,10.7105,11.91,13.9489,16.8985,20.915,26.1948,33.1149,42.1173,53.8993,69.3249,89.4693,116.12,151.561,199.066,262.837,348.484,462.322,613.292,812.071,1072.39,1409.27,1838.09,2368.87,2998.94,3697.1,4381.73,4914.81,5167.03,5061.43,4649.39,4049.46,3399.91,2801.15,2309.43,1885.25,H0
58,320.929,321.4,321.913,322.342,322.811,323.295,323.772,324.217,324.705,325.286,325.964,326.803,327.899,329.298,331.075,333.238,335.758,338.538,341.544,344.719,348.293,352.563,358.595,367.692,382.223,405.956,444.108,505.913,605.155,760.409,996.022,1333.68,1781.28,2317.92,2889.41,3430.63,3888.66,4251.29,4526.62,4719.26,7.06037,6.19871,5.59299,5.21606,5.02844,5.11549,5.4203,6.03026,7.01367,8.37928,10.2662,12.7504,16.0063,20.1084,25.2841,31.774,39.9458,50.3476,63.8314,81.6743,105.517,137.713,180.76,238.198,314.383,414.573,544.361,709.845,916.095,1163.07,1440.3,1720.84,1962.85,2113.07,2136.57,2037.72,1849.28,1624.4,1405.31,1209.64,H0
59,325.644,326.093,326.624,327.153,327.796,328.449,329.097,329.716,330.295,330.962,331.681,332.543,333.6,334.938,336.618,338.587,340.826,343.259,345.893,348.744,352.058,356.525,362.923,372.881,389.066,414.725,456.166,523.171,629.258,794.491,1042.39,1393.74,1853.19,2398.12,2977.33,3521.41,3986.38,4360.95,4647.02,4883.49,8.03298,6.98541,6.35251,5.97775,5.81028,5.87531,6.09374,6.61959,7.47461,8.75171,10.5008,12.9016,16.0526,20.0643,25.1883,31.7046,39.9715,50.6373,64.6813,83.3731,108.566,142.226,187.3,247.253,326.805,430.669,564.831,735.553,946.621,1197.85,1477.61,1758.02,1995.4,2140.09,2160.79,2058.53,1878.64,1664.43,1453.38,1273.31,H0
60,344.685,345.305,345.904,346.416,346.964,347.487,348.022,348.523,349.091,349.787,350.638,351.681,352.972,354.585,356.558,358.865,361.479,364.33,367.381,370.553,374.011,378.424,384.428,393.503,408.283,431.555,469.516,531.288,629.996,784.383,1016.75,1346.88,1779.9,2291.91,2832.38,3338.69,3767.33,4105.57,4359.71,4548.31,8.69884,7.52148,6.67298,6.14346,5.81353,5.76267,6.03514,6.6356,7.60796,9.01896,10.9356,13.4185,16.6019,20.6026,25.5734,31.8061,39.6491,49.6531,62.7161,80.0091,103.26,134.441,176.291,232.173,306.392,403.429,529.488,690.16,889.106,1126.6,1389.52,1653.65,1873.71,2004.83,2017.18,1915.38,1736.84,1530.08,1317.25,1145.11,H0
61,310.553,310.917,311.454,311.953,312.591,313.294,314.016,314.729,315.406,316.16,316.949,317.795,318.84,320.102,321.619,323.403,325.474,327.769,330.211,332.876,336.02,339.878,345.402,353.781,367.038,388.451,422.671,477.217,563.413,696.348,896.413,1181.76,1561.8,2021.85,2523.87,3011.87,3441.99,3794.71,4069.69,4292.92,5.94366,5.43636,5.1761,5.12142,5.21671,5.42533,5.76734,6.28226,7.04405,8.14301,9.63068,11.6334,14.273,17.6789,22.0196,27.5594,34.5951,43.6543,55.532,71.2709,92.3664,120.609,158.386,208.658,275.097,362.132,474.729,617.733,795.591,1008.52,1248.96,1497.53,1718.3,1871.33,1922.7,1869.07,1737.64,1565.9,1392.24,1232.53,H0
62,319.566,319.989,320.492,320.991,321.537,322.092,322.573,323.018,323.399,323.91,324.478,325.172,326.065,327.195,328.574,330.322,332.302,334.55,336.927,339.529,342.692,346.667,352.496,361.419,375.592,398.866,435.544,494.11,586.621,729.289,943.055,1244.82,1641.23,2116.28,2622.47,3106.26,3529.7,3875.38,4146.19,4362.85,5.35636,4.93505,4.65704,4.54412,4.47481,4.56809,4.82623,5.28953,6.07644,7.289,8.89707,11.0608,13.9202,17.5454,22.1635,27.9682,35.3909,44.9293,57.4487,74.0294,96.2361,126.002,165.792,218.542,288.216,379.735,497.422,646.486,831.035,1050.87,1296.69,1545.2,1759.81,1899.88,1933.99,1866.19,1726.29,1551.79,1377.36,1226.93,H0
64,481.367,480.817,480.577,480.479,480.598,480.894,481.355,481.956,482.749,483.802,485.038,486.543,488.358,490.557,493.13,496.236,499.735,504.036,509.33,516.948,528.849,546.609,575.398,621.463,695.827,816.434,1008.71,1308.95,1761.36,2406.25,3253.33,4261.07,5310.44,6276.55,7082.32,7691.53,8137.4,8465.05,8707.33,8889.81,19.6774,15.5898,12.9427,11.3199,10.6251,10.8045,11.7569,13.5407,16.2045,19.9253,24.8763,31.4515,40.0541,51.3334,66.1085,85.5109,111.095,145.051,190.4,251.093,332.399,439.997,582.121,767.551,1007.45,1313.02,1692.79,2143.2,2643.68,3144.19,3555.92,3801.36,3789.58,3545.04,3162.94,2722.43,2306.62,1953.33,1673.12,1462.52,I0
65,491.934,491.219,490.965,490.921,491.048,491.384,491.921,492.58,493.439,494.601,495.994,497.661,499.79,501.867,504.232,506.982,510.093,513.624,517.739,523.165,530.9,542.388,560.169,588.365,633.465,706.656,825.38,1017.39,1328.01,1818.33,2578.89,3683.53,5185.77,7032.55,9046.08,10974.5,12610.7,13874.7,14778.9,15423.7,16.1763,13.0477,11.0999,10.0487,9.75957,10.2749,11.4434,13.4108,16.2198,19.9777,24.945,31.4781,39.8773,50.9605,65.4467,84.3665,109.434,142.821,187.405,247.243,327.715,434.881,577.477,766.272,1015.22,1341.65,1765.43,2308.56,2989.1,3815,4764.11,5742.51,6606.61,7168.12,7271.72,6893.91,6159.86,5263.39,4354.32,3544.55,I0
66,488.786,488.076,487.804,487.729,487.901,488.268,488.813,489.532,490.468,491.665,493.119,494.877,497.022,499.646,502.572,506.068,510.165,514.83,520.475,527.797,538.308,553.929,578.199,616.664,678.008,775.316,927.747,1163.12,1517.77,2036.47,2762.57,3721.88,4864.76,6083.32,7239.34,8209.54,8947.01,9486.54,9838.15,10046.3,14.4361,11.7725,10.1408,9.39143,9.3083,9.94077,11.2811,13.2791,16.1297,19.9314,24.9227,31.4099,39.8295,50.6873,64.7954,83.0885,106.985,138.446,180.441,236.568,311.39,411.236,542.815,715.041,938.504,1223.7,1581.53,2018.31,2531.09,3100.73,3676.03,4173.05,4472.65,4497.2,4247.51,3790.23,3253.46,2728.96,2223.67,1861.2,I0
67,325.841,326.399,326.992,327.55,328.109,328.637,329.168,329.686,330.223,330.904,331.702,332.658,333.879,335.423,337.28,339.534,342.045,344.787,347.622,350.691,354.136,358.62,364.966,374.751,390.606,415.786,456.578,522.941,628.888,794.854,1045.44,1402.47,1875.55,2442.87,3046.24,3620.31,4111.18,4503.05,4810.43,5040.66,7.92926,6.94561,6.28968,5.85747,5.60719,5.66221,5.96775,6.59109,7.62139,9.0724,11.0186,13.6229,16.9514,21.1609,26.4701,33.12,41.5599,52.394,66.5781,85.4626,110.951,145.03,190.811,251.655,332.446,438.25,575.295,750.439,967.672,1228.35,1519.52,1813.99,2067.23,2225.55,2250.64,2149.46,1955.1,1727.47,1502.85,1298.95,I0
68,312.261,312.679,313.114,313.582,314.092,314.608,315.147,315.646,316.134,316.768,317.474,318.303,319.283,320.533,322.063,323.903,326.029,328.338,330.91,333.711,336.945,341.32,347.51,357.216,372.546,397.538,437.299,501.122,602.027,756.933,986.835,1308.29,1725.21,2213.53,2726.1,3209.03,3624.15,3956.87,4220.6,4426.15,5.34949,4.87538,4.6377,4.55725,4.57506,4.76129,5.15062,5.73856,6.65992,7.94991,9.6749,11.9705,14.9128,18.7139,23.5021,29.6326,37.3973,47.4182,60.5814,78.0482,101.505,132.795,174.737,230.289,303.715,399.827,523.27,679.603,872.014,1098.98,1348.49,1596.27,1802.25,1924.69,1938.24,1852.98,1693.08,1507.8,1329.97,1172.53,I0
69,301.39,301.842,302.286,302.772,303.279,303.76,304.238,304.697,305.153,305.72,306.346,307.116,308.067,309.252,310.704,312.459,314.496,316.727,319.204,321.901,325.226,329.606,336.076,345.887,361.608,386.894,427.568,492.725,595.582,753.689,987.665,1314.12,1733.12,2220.56,2722.83,3187.68,3578.88,3889.26,4124.03,4304.75,5.24446,4.77909,4.5573,4.43242,4.42371,4.58763,4.9252,5.51596,6.43009,7.70918,9.42413,11.6912,14.6461,18.4098,23.222,29.3371,37.1391,47.255,60.4954,78.113,101.754,133.291,175.398,231.315,305.039,401.375,525.31,682.203,874.444,1101.05,1348.05,1589.98,1785.15,1892.31,1890.1,1787.38,1620.91,1432.56,1247.84,1097.05,I0
70,321.113,321.534,321.929,322.364,322.867,323.425,324.031,324.653,325.245,325.932,326.649,327.443,328.342,329.401,330.724,332.301,334.146,336.25,338.548,341.071,343.963,347.642,352.806,360.519,372.76,392.587,423.716,473.233,550.836,670.871,851.386,1111.84,1463.77,1901.89,2397.75,2897.9,3353.68,3746.3,4051.62,4305.83,5.68264,5.07674,4.74676,4.61501,4.62935,4.83405,5.13984,5.66596,6.40262,7.41088,8.78087,10.646,13.0728,16.2495,20.325,25.5256,32.2278,40.8159,52.0614,66.8951,86.6202,113.212,148.679,195.832,258.209,340.16,445.93,580.621,748.445,951.825,1185.1,1433.76,1667.49,1847.02,1937.93,1921.48,1819.87,1660.63,1492.35,1337.76,I0
71,320.235,320.771,321.347,321.981,322.687,323.395,324.065,324.676,325.254,325.899,326.578,327.321,328.212,329.327,330.687,332.343,334.303,336.582,339.047,341.716,344.739,348.529,353.728,361.541,373.845,393.939,425.79,476.504,556.859,680.781,866.643,1131.38,1484.23,1915.72,2390.02,2860.59,3284.89,3640.46,3928.59,4157.07,6.56817,5.92699,5.61497,5.43497,5.31298,5.35427,5.52735,5.89434,6.52844,7.52405,8.89549,10.7842,13.2921,16.5599,20.7469,26.0901,32.8915,41.5534,52.8459,67.6813,87.4723,114.096,149.634,196.911,259.532,341.769,447.902,582.698,750.425,951.473,1179.53,1416.08,1631.71,1788.24,1853.36,1821.03,1714.04,1563.11,1401.14,1254.56,I0
73,493.245,492.611,492.41,492.39,492.609,493.007,493.648,494.464,495.47,496.879,498.489,500.807,502.873,505.433,508.424,512.013,516.368,521.66,528.541,538.436,553.527,577.673,616.441,679.537,781.483,944.832,1195.77,1562.74,2058.62,2662.99,3313.65,3933.16,4454.7,4868.7,5182.48,5411.35,5601.12,5748.79,5891.22,5987.57,19.8406,15.84,13.306,11.8875,11.3549,11.7718,12.9629,14.994,17.8921,21.923,27.124,33.9484,42.9258,54.6539,69.9443,89.949,116.201,150.964,197.284,259.134,341.343,450.311,592.166,774.264,1002.97,1280.54,1597.29,1924.13,2213.84,2403.28,2444.93,2342.9,2137.92,1891.45,1653.52,1443.53,1277.59,1158.25,1063.49,1016.91,Z0
74,500.371,500.281,500.521,500.978,501.255,501.024,501.687,502.502,503.285,504.559,505.994,507.623,509.562,511.835,514.468,517.608,521.167,525.284,530.149,536.672,546.363,560.962,584.344,622.231,684.257,785.65,951.696,1220.04,1646.17,2296.75,3246.67,4504.82,6014.72,7602.43,9064.06,10255.4,11137.4,11736.8,12143.6,12333,18.0303,14.5453,12.5417,11.2163,10.1099,10.8407,12.3179,14.4445,17.4291,21.5469,27.053,34.2379,43.6672,55.9194,71.953,92.9588,120.651,157.452,206.789,272.943,361.676,479.825,636.756,844.02,1116.22,1469.47,1921.72,2485.71,3162.25,3922.88,4700.38,5342.02,5696.82,5670.26,5264.39,4619.16,3870.02,3183.83,2530.24,2082.17,Z0
75,329.617,330.147,330.705,331.222,331.807,332.363,332.953,333.557,334.172,334.929,335.831,336.955,338.437,340.284,342.579,345.249,348.22,351.417,354.742,358.225,362.003,366.782,373.358,383.238,399.265,424.498,465.741,532.289,639.169,807.306,1063.44,1432.18,1927.08,2529.36,3180.74,3811.39,4355.8,4805.4,5144.5,5399.07,8.41785,7.33284,6.61683,6.19133,6.01783,6.13602,6.52119,7.24453,8.37757,9.98546,12.1502,15.0086,18.6572,23.2093,28.8202,35.783,44.5204,55.7121,70.2778,89.6491,115.669,150.782,197.907,260.77,344.444,454.032,596.777,779.005,1006.77,1281.52,1592.88,1912.99,2195.89,2383.72,2434.9,2339.45,2144.09,1899.67,1644.78,1425.24,Z0
76,305.033,305.458,305.958,306.431,306.957,307.498,308.021,308.54,309.071,309.699,310.403,311.207,312.216,313.478,315.025,316.9,319.079,321.457,324.035,326.838,330.195,334.473,340.676,350.332,365.701,391.01,431.391,496.597,600.791,763.533,1009.13,1359.29,1822.2,2372.92,2957.44,3507.5,3979.04,4350.58,4632.35,4845.87,7.22156,6.30117,5.71032,5.37504,5.21809,5.32073,5.62324,6.18607,7.09314,8.40033,10.1703,12.5514,15.6734,19.6953,24.8265,31.3487,39.6486,50.4041,64.4721,83.2155,108.311,142.053,187.111,246.977,326.199,430.393,564.951,736.205,948.771,1202.91,1486.6,1772.62,2017.47,2164.95,2186.34,2082.12,1892.91,1671.82,1451.31,1262.25,Z0
77,304.405,304.823,305.307,305.777,306.285,306.809,307.353,307.88,308.429,309.085,309.825,310.696,311.83,313.229,314.96,317.047,319.497,322.235,325.17,328.291,331.721,336.118,342.109,351.245,365.763,389.523,427.571,489.192,588.422,744.383,982.14,1327.46,1791.99,2359.39,2979.6,3582.36,4106.58,4526.97,4858.02,5100.69,6.9155,6.07621,5.56755,5.26337,5.1821,5.32523,5.69587,6.33386,7.30787,8.66528,10.57,13.0703,16.2999,20.46,25.6862,32.3159,40.7038,51.4252,65.3786,83.8263,108.499,141.806,186.388,245.717,324.533,428.169,562.762,734.99,950.631,1211.18,1506.97,1814.57,2089.67,2275.87,2332.59,2251.95,2068.14,1836.25,1597.67,1389.44,Z0
78,315.019,315.353,315.647,315.944,316.302,316.741,317.234,317.789,318.415,319.202,320.083,321.109,322.325,323.804,325.526,327.549,329.777,332.158,334.783,337.711,341.246,346.149,353.397,364.706,382.813,412.258,458.652,532.421,646.819,819.017,1066.65,1402.21,1818.46,2285.97,2755.98,3186.19,3546.34,3837.01,4069.64,4255.99,4.84186,4.40762,4.18208,4.16188,4.31297,4.71165,5.30911,6.1695,7.34158,8.81732,10.7269,13.1477,16.2523,20.2046,25.21,31.529,39.649,50.1755,64.0816,82.6546,107.637,141.061,185.592,244.529,321.964,422.634,550.657,710.645,903.446,1124.99,1358.86,1578.36,1744.34,1824.09,1804.01,1704.07,1553.4,1391.47,1239.66,1115.57,Z0
79,315.108,315.411,315.686,315.948,316.296,316.753,317.34,318.04,318.797,319.699,320.709,321.852,323.085,324.554,326.25,328.283,330.521,332.967,335.574,338.45,341.769,346.206,352.638,362.56,378.498,404.659,446.174,512.782,617.767,778.825,1015.31,1341.87,1755.08,2226.59,2708.97,3152.14,3526,3825.34,4060.42,4252.26,5.52113,4.90047,4.55888,4.48334,4.64022,5.06905,5.69242,6.57292,7.66622,9.08829,10.8507,13.0912,15.9857,19.7003,24.4455,30.4757,38.1813,48.1629,61.2996,78.765,102.275,133.782,175.915,231.815,305.602,402.154,525.776,681.774,872.163,1094.65,1334.07,1564,1743.99,1836.47,1825.36,1727.56,1571.38,1398.34,1240.41,1099.85,Z0
81,317.526,317.928,318.447,318.956,319.56,320.226,320.916,321.586,322.236,322.959,323.762,324.671,325.754,327.091,328.7,330.57,332.721,335.14,337.746,340.622,344.05,348.73,355.454,365.915,382.473,409.686,452.545,520.78,627.464,790.379,1029.6,1362.71,1789.5,2285.47,2799.22,3278.05,3686.3,4011.23,4267.89,4465.65,6.21065,5.62823,5.32914,5.23951,5.31881,5.55765,5.93798,6.52376,7.45063,8.70918,10.4422,12.7591,15.7784,19.667,24.608,30.9422,39.0412,49.5245,63.3089,81.6219,106.177,139.076,182.896,241.055,317.544,417.599,545.631,706.76,903.755,1135.46,1387.14,1635.2,1835.68,1951.15,1955.38,1859.97,1699.34,1519.55,1341.51,1197.9,Z0
