ID,99998.5,74371.3,55310.2,41135.8,30593.9,22752.8,16922.0,12584.9,9359.6,6960.87,5176.9,3850.1,2863.41,2129.55,1583.81,1177.91,876.024,651.509,484.549,360.37,268.005,199.318,148.237,110.25,81.9936,60.9793,45.3517,33.7288,25.0842,18.6553,13.8746,10.3188,7.6741,5.70749,4.24474,3.15689,2.34786,1.74614,1.29861,0.96584,99998.5,74371.3,55310.2,41135.8,30593.9,22752.8,16922.0,12584.9,9359.6,6960.87,5176.9,3850.1,2863.41,2129.55,1583.81,1177.91,876.024,651.509,484.549,360.37,268.005,199.318,148.237,110.25,81.9936,60.9793,45.3517,33.7288,25.0842,18.6553,13.8746,10.3188,7.6741,5.70749,4.24474,3.15689,2.34786,1.74614,1.29861,0.96584,label
1,572.228,575.355,576.852,582.306,581.443,580.864,580.594,580.731,580.644,581.012,582.167,582.979,584.152,585.596,587.26,589.233,591.465,593.805,596.268,598.993,601.964,605.968,611.486,619.965,633.033,651.763,683.802,733.915,812.196,931.245,1111.26,1361.0,1693.46,2086.03,2513.91,2929.15,3295.33,3601.0,3845.89,4048.72,22.7418,17.9971,13.6648,18.3942,14.1601,11.246,9.78036,8.91692,9.08924,9.41438,10.7208,12.3038,14.6469,17.6545,21.5107,26.3557,32.5345,40.4855,50.8269,64.7393,83.4388,108.602,142.319,186.828,245.372,321.141,419.2,543.113,696.535,878.586,1087.06,1297.78,1484.19,1611.04,1654.59,1614.3,1509.17,1373.93,1239.54,1129.28,0
2,572.672,576.261,577.331,582.447,581.659,580.969,580.698,580.903,580.867,581.222,582.346,583.159,584.352,585.779,587.449,589.444,591.66,593.99,596.422,599.058,601.944,605.652,610.936,618.994,631.45,649.6,680.549,729.396,806.46,924.694,1103.42,1357.08,1692.87,2095.51,2532.89,2955.86,3329.88,3635.49,3875.27,4074.31,23.0515,17.7338,13.7022,18.0885,13.9897,11.0812,9.51038,8.85923,8.93673,9.43722,10.7171,12.3772,14.669,17.7176,21.5872,26.4219,32.591,40.5342,50.931,64.9305,83.7891,108.987,142.774,187.882,246.87,323.699,422.769,549.14,705.45,892.064,1106.33,1324.05,1516.21,1648.0,1691.41,1645.64,1535.59,1391.88,1256.4,1134.2,0
3,506.47,507.811,509.416,513.95,513.142,512.752,512.709,512.822,512.781,513.234,514.256,515.129,516.193,517.605,519.237,521.096,523.162,525.339,527.72,530.609,534.229,539.447,547.224,559.211,577.834,605.217,649.696,718.627,825.557,986.06,1218.01,1534.56,1928.38,2372.39,2822.36,3227.83,3566.63,3851.2,4088.7,4281.3,20.0396,15.6845,12.342,16.1581,12.6344,10.2,8.94081,8.56039,8.77082,9.62235,11.2222,13.2124,16.0166,19.6704,24.2829,30.1809,37.8165,47.7999,61.1548,79.09,103.184,135.19,177.785,233.377,305.896,398.821,517.885,666.136,845.953,1057.93,1282.5,1494.71,1658.82,1739.47,1730.31,1641.46,1517.07,1386.65,1279.41,1188.29,0
4,506.317,508.459,509.265,514.042,513.115,512.729,512.755,512.913,512.897,513.258,514.35,515.138,516.295,517.703,519.332,521.245,523.236,525.363,527.706,530.436,533.961,539.003,546.526,558.118,576.307,603.43,648.069,717.775,825.383,990.375,1226.56,1549.32,1950.76,2397.03,2844.11,3238.1,3567.01,3827.71,4044.04,4219.6,19.4622,15.1857,11.8602,15.7603,12.1862,10.1507,8.97118,8.54131,8.84454,9.67167,11.3038,13.3057,16.1227,19.6947,24.3767,30.299,38.0232,48.0886,61.4579,79.6195,103.914,136.285,179.373,235.795,309.454,403.852,524.785,675.941,859.221,1073.82,1299.95,1509.26,1665.8,1736.55,1706.4,1602.37,1462.03,1323.03,1201.68,1113.44,0
5,470.103,469.767,470.142,474.251,473.055,472.457,472.196,472.207,471.697,472.143,473.448,474.19,475.271,476.561,478.139,479.902,481.804,483.928,486.239,489.127,493.269,498.848,507.256,520.042,540.266,570.564,619.831,697.244,816.349,999.261,1262.02,1618.74,2060.83,2551.58,3026.94,3444.73,3785.41,4052.49,4263.83,4450.16,5.23906,4.60986,3.96479,9.2856,7.30081,6.40116,6.20611,6.46597,7.5418,8.78665,10.7263,13.0657,16.1264,20.2416,25.3845,31.958,40.5219,51.7902,66.7042,86.8592,113.903,149.767,197.161,259.36,340.387,443.934,576.613,742.436,942.965,1176.98,1422.66,1646.3,1805.64,1867.17,1818.12,1693.94,1530.9,1369.78,1235.02,1128.6,0
6,469.985,469.9,470.088,474.092,473.045,472.238,472.056,472.1,471.523,471.983,473.277,474.067,475.068,476.349,477.96,479.766,481.717,483.897,486.294,489.311,493.704,499.64,508.639,522.26,543.538,575.291,626.594,705.989,826.805,1011.11,1270.74,1621.84,2046.7,2511.37,2963.71,3363.46,3686.53,3952.69,4163.12,4348.94,6.35935,5.55697,3.79514,10.0044,7.78864,6.86531,6.3055,6.72109,7.54509,8.81568,10.6574,12.9069,16.0256,20.084,25.2637,31.8053,40.3332,51.501,66.3767,86.2722,113.124,148.581,195.381,256.504,335.894,437.365,566.641,727.156,919.107,1142.24,1373.22,1578.96,1723.56,1773.18,1728.02,1613.15,1465.11,1324.56,1207.04,1110.07,0
7,454.987,455.045,454.97,459.091,457.93,457.277,457.054,457.2,456.709,457.184,458.237,459.311,460.546,462.057,463.946,466.164,468.705,471.362,474.049,477.02,480.228,484.556,491.402,500.895,516.067,540.101,577.56,639.621,737.23,885.754,1107.36,1408.48,1784.41,2214.24,2638.59,3023.07,3339.22,3588.39,3778.62,3931.39,5.60562,5.16469,3.77874,8.50769,6.99115,6.07521,5.87841,6.21702,7.21845,8.4517,10.1529,12.3907,15.3942,19.0707,23.6595,29.3633,36.449,45.5401,57.2865,73.1719,94.4618,123.157,162.184,213.409,281.016,368.974,480.971,622.698,795.277,994.787,1211.77,1416.41,1569.28,1639.1,1614.55,1509.69,1362.5,1203.4,1063.57,946.254,0
8,454.714,454.691,455.211,458.858,457.575,457.263,456.861,457.073,456.566,457.044,458.305,459.147,460.303,461.805,463.616,465.876,468.366,471.036,473.759,476.633,479.792,483.805,490.322,499.399,513.854,537.138,573.302,633.746,729.03,875.488,1095.09,1397.46,1783.1,2223.99,2674.57,3084.7,3428.36,3695.86,3905.18,4073.18,5.35371,4.76495,3.64666,8.52775,6.94244,6.01708,5.83035,6.18405,7.17853,8.39243,10.0608,12.2748,15.2853,19.0391,23.6851,29.4148,36.5624,45.6392,57.4373,73.3606,94.738,123.497,162.453,214.012,282.149,370.853,484.252,628.13,804.399,1010.87,1237.69,1455.36,1626.84,1710.92,1698.04,1600.0,1446.16,1285.47,1136.53,1012.76,0
9,434.531,433.806,434.487,438.0,437.029,436.534,436.299,436.439,435.96,436.697,437.228,438.157,438.99,439.951,441.167,442.519,444.143,446.056,448.324,451.242,455.17,460.916,469.772,482.6,502.252,532.075,576.152,644.82,748.03,898.761,1116.22,1405.28,1768.03,2184.67,2614.98,3029.65,3405.16,3740.14,4041.81,4313.51,7.19634,5.85048,4.31022,9.20838,7.11853,6.38074,5.95869,6.16816,6.97655,8.03265,9.31766,11.4469,14.1942,17.766,22.4867,28.5628,36.5455,46.9907,60.7595,79.1796,103.519,135.741,178.597,233.783,305.181,396.66,511.229,653.879,825.661,1024.48,1243.5,1455.0,1631.72,1745.9,1787.75,1763.43,1702.56,1619.24,1539.67,1481.07,0
10,434.185,433.678,433.575,437.726,436.775,436.276,436.143,436.155,435.662,436.456,437.282,437.93,438.676,439.717,440.905,442.354,443.993,445.955,448.256,451.352,455.46,461.433,470.729,484.161,504.457,535.239,580.507,650.424,754.727,905.865,1122.51,1405.04,1755.5,2155.65,2567.08,2956.76,3312.51,3630.51,3918.1,4178.14,7.97384,6.4119,5.35972,9.59542,7.43863,6.63272,6.21045,6.24937,6.96791,8.0681,9.4046,11.3879,14.1542,17.772,22.4409,28.5133,36.3917,46.8189,60.4838,78.7135,102.869,134.814,176.996,231.476,301.775,391.242,502.969,641.724,808.039,997.379,1204.96,1399.44,1561.41,1663.54,1697.15,1669.95,1609.53,1533.24,1458.75,1411.22,0
11,496.279,496.058,496.334,500.735,499.501,498.923,498.62,498.572,498.103,498.462,499.496,500.619,502.055,503.404,504.957,506.834,508.889,511.154,513.508,516.187,519.263,523.21,528.958,537.803,551.667,573.889,608.066,664.412,753.915,892.236,1100.31,1392.05,1777.82,2237.36,2731.76,3213.6,3636.36,3983.37,4270.26,4515.64,6.03446,5.71767,4.21357,11.437,7.9268,6.57776,6.25295,6.34128,7.18381,8.21231,9.92322,11.9557,14.9762,18.3368,22.674,28.1467,35.1431,44.2169,56.162,72.1239,93.6417,122.519,161.147,212.353,279.905,368.106,481.408,626.079,804.988,1017.63,1261.85,1507.34,1723.07,1866.79,1914.06,1862.7,1742.03,1599.34,1449.28,1314.57,0
12,496.539,496.543,496.655,498.246,499.859,499.062,498.805,498.808,498.248,498.677,499.694,500.882,502.247,503.58,505.17,507.035,509.098,511.394,513.769,516.386,519.382,523.275,528.9,537.495,551.018,572.728,606.16,661.518,749.351,885.974,1092.98,1383.73,1770.4,2233.64,2731.16,3215.05,3641.22,3989.07,4275.73,4522.89,5.76752,5.34985,4.01085,8.45955,8.38849,6.53108,5.98172,6.30574,7.176,8.2669,9.83882,11.9492,14.9654,18.3385,22.6202,28.0977,35.072,44.1088,55.9614,71.8769,93.2231,121.986,160.289,211.426,278.951,367.124,480.151,624.916,804.318,1018.93,1263.87,1511.39,1732.65,1882.19,1927.06,1878.5,1759.61,1611.31,1454.94,1322.08,0
13,503.942,505.173,506.576,511.272,510.56,510.171,509.986,510.148,510.199,510.619,511.744,512.712,513.909,515.371,517.155,519.197,521.479,523.965,526.511,529.413,532.703,537.128,543.437,553.687,569.861,594.634,636.932,704.564,811.371,974.932,1216.44,1540.58,1945.81,2391.35,2829.17,3212.82,3527.85,3775.65,3971.9,4131.4,20.334,15.6821,12.3614,16.129,12.261,10.2833,9.19378,8.77914,9.10951,9.86562,11.5107,13.5163,16.349,19.9337,24.5728,30.4075,37.8971,47.5886,60.3203,77.4978,100.5,131.603,173.126,228.182,300.725,394.409,515.621,667.281,851.652,1064.34,1291.78,1499.31,1646.42,1702.29,1661.37,1547.0,1397.97,1247.31,1115.44,1011.73,0
14,503.627,505.062,506.118,510.892,509.903,509.692,509.613,509.637,509.787,510.239,511.33,512.266,513.433,514.908,516.697,518.794,521.031,523.53,526.096,528.969,532.316,536.854,543.387,553.659,569.988,594.875,637.007,704.608,810.588,974.92,1212.98,1537.15,1945.04,2397.96,2847.74,3250.43,3579.5,3844.87,4053.04,4226.82,20.161,15.5767,12.1578,16.1142,12.4669,10.1828,9.24019,8.78998,9.04926,9.89704,11.547,13.5303,16.3651,19.9677,24.5862,30.4623,37.9895,47.7164,60.516,77.7379,100.826,131.977,173.506,228.726,301.446,395.272,516.668,668.934,854.068,1071.02,1299.77,1512.14,1668.98,1740.94,1706.02,1597.3,1449.23,1293.97,1160.93,1057.25,0
15,432.554,431.794,432.654,435.951,434.845,434.44,434.169,434.187,433.701,434.473,435.342,436.178,437.164,438.497,440.137,442.05,444.217,446.466,448.941,451.806,455.466,460.661,468.818,481.558,501.774,533.436,586.501,671.583,805.626,1009.38,1300.48,1683.95,2145.72,2628.19,3086.11,3468.62,3774.0,4016.1,4208.3,4353.06,4.56126,3.61909,3.03389,8.3528,6.78172,5.91456,5.89429,6.33934,7.46473,8.74501,10.5868,13.1252,16.4551,20.7131,26.1571,33.0034,41.7748,53.2372,68.3617,88.758,116.169,152.799,201.961,266.76,351.677,461.192,601.734,776.157,985.116,1223.12,1462.65,1663.94,1789.41,1806.43,1717.81,1566.02,1389.73,1229.35,1100.26,1000.49,0
16,445.369,445.054,445.833,449.116,447.996,447.474,447.236,447.216,446.571,447.233,447.637,448.529,449.168,450.017,451.007,452.142,453.461,455.062,456.887,459.083,461.516,464.692,468.977,475.1,485.287,500.591,524.456,560.613,618.512,706.286,836.643,1029.65,1297.81,1651.02,2081.04,2555.59,3030.46,3463.27,3840.03,4169.06,6.43982,5.3027,4.52502,8.98221,6.79111,5.70681,5.10558,5.03292,5.51515,6.11916,7.02412,8.55867,10.524,13.0221,16.2529,20.4813,25.9444,33.095,42.383,54.6065,70.7658,92.382,121.25,159.51,210.405,276.718,362.393,471.154,608.062,775.773,974.295,1204.16,1440.7,1658.78,1820.62,1906.26,1896.36,1816.06,1699.1,1575.37,0
17,445.888,445.653,445.576,449.407,448.366,447.863,447.616,447.485,446.886,447.54,448.232,448.741,449.394,450.223,451.256,452.416,453.795,455.347,457.128,459.245,461.621,464.533,468.631,474.197,483.517,497.894,520.209,554.409,609.69,693.694,820.897,1011.82,1279.54,1638.22,2077.14,2567.04,3058.94,3510.71,3904.65,4232.0,5.85837,4.40827,3.339,8.42857,6.35672,5.28363,4.85292,4.83241,5.39661,6.05532,7.05693,8.57407,10.5232,13.0661,16.2593,20.4932,25.9118,32.9866,42.192,54.3182,70.4103,91.9356,120.722,158.933,209.822,276.401,362.715,472.18,611.613,783.599,988.527,1227.8,1476.54,1707.05,1884.71,1975.63,1970.71,1888.48,1767.23,1628.41,0
18,406.986,406.653,407.274,410.387,409.433,409.177,408.904,409.139,409.06,409.369,409.966,411.043,411.889,412.919,414.229,415.643,417.272,419.13,421.316,424.225,428.167,434.171,443.513,458.859,483.252,521.929,586.329,689.788,851.62,1093.01,1433.13,1872.5,2380.0,2898.22,3375.08,3761.81,4068.82,4308.66,4502.49,4645.87,7.2794,5.96621,4.90532,9.53287,7.80243,6.7958,6.50242,6.90862,7.70222,9.04878,10.955,13.5989,17.055,21.5481,27.4004,35.0369,45.0955,58.4511,76.2092,100.128,132.098,174.588,231.137,306.105,403.661,528.902,688.95,886.291,1122.15,1377.65,1626.71,1823.17,1927.35,1903.79,1784.47,1599.84,1406.87,1219.23,1065.32,955.424,0
19,407.285,407.008,407.011,410.558,409.795,409.303,409.253,409.266,409.215,409.631,410.173,411.226,412.078,413.128,414.439,415.846,417.405,419.193,421.274,423.962,427.708,433.273,442.008,456.378,479.242,515.646,576.713,675.575,833.096,1071.27,1414.22,1864.83,2394.91,2947.27,3449.66,3870.83,4197.01,4441.65,4631.94,4784.06,7.03307,5.78923,4.38755,9.14247,7.36742,6.68223,6.47042,6.84466,7.76341,9.05494,10.9397,13.633,17.0717,21.5839,27.4025,35.1225,45.1668,58.555,76.3671,100.372,132.433,175.271,232.201,307.727,406.378,533.368,696.625,900.18,1145.25,1416.85,1686.87,1911.38,2033.47,2027.17,1905.16,1712.21,1496.3,1296.22,1129.0,995.064,0
20,467.368,467.159,467.705,471.469,470.399,469.819,469.683,469.96,469.673,470.432,472.195,473.535,475.266,477.229,479.436,481.869,484.375,486.956,489.469,492.139,495.423,499.168,504.423,512.574,525.432,546.029,577.955,631.061,715.449,846.686,1047.2,1328.56,1702.01,2150.48,2623.43,3074.87,3464.39,3776.73,4026.75,4230.41,4.90979,4.50366,3.4752,9.28856,7.41285,6.68713,6.64725,7.25861,8.43398,9.80969,11.6512,13.8325,16.589,19.9497,24.0625,29.1406,35.6027,43.9642,54.9363,69.9246,90.2602,117.679,154.505,203.45,268.142,352.78,461.638,601.123,773.935,980.54,1214.11,1449.81,1656.21,1785.65,1814.4,1750.25,1618.57,1460.8,1316.19,1188.71,0
21,467.195,466.844,467.527,471.251,470.008,469.486,469.494,469.704,469.438,470.174,471.92,473.343,475.035,477.012,479.208,481.658,484.202,486.811,489.416,492.163,495.619,499.678,505.517,514.263,528.337,550.525,584.899,641.577,730.344,866.634,1068.99,1351.45,1711.58,2133.89,2572.12,2980.36,3332.44,3617.19,3847.28,4028.56,5.94131,4.62915,4.08355,9.79057,8.00108,7.05908,6.98535,7.35859,8.55023,9.864,11.7604,13.8596,16.6114,19.9469,24.0904,29.0913,35.563,43.8821,54.8703,69.7775,90.1126,117.341,153.839,202.363,266.491,349.868,456.346,591.795,757.992,952.823,1171.5,1384.14,1559.57,1661.78,1672.19,1597.15,1472.67,1328.79,1203.53,1093.54,0
22,575.238,577.002,579.196,584.269,583.345,582.914,582.835,583.025,583.052,583.545,584.8,585.738,587.078,588.59,590.336,592.272,594.399,596.586,598.992,601.949,605.702,611.186,619.349,632.284,650.818,682.089,730.522,804.933,918.231,1086.76,1325.9,1644.07,2028.69,2456.96,2878.15,3248.21,3563.67,3829.14,4052.57,4236.69,24.3515,18.8807,14.3943,18.97,14.4411,11.9638,10.337,9.93982,10.1867,10.693,12.2215,14.205,16.9462,20.5268,25.136,31.0927,38.8115,48.993,62.6204,81.0059,105.697,138.561,182.094,239.21,312.732,407.666,527.463,675.874,853.351,1057.9,1268.45,1462.17,1604.23,1666.89,1644.11,1556.75,1446.08,1326.11,1245.59,1182.33,0
23,574.477,577.995,578.831,584.523,583.571,582.95,583.249,583.219,583.259,583.809,585.026,586.038,587.32,588.874,590.605,592.572,594.629,596.844,599.221,602.094,605.788,611.186,619.381,632.013,650.627,681.734,730.171,805.116,919.866,1091.23,1332.36,1655.32,2051.97,2481.63,2902.4,3282.77,3600.33,3857.36,4067.72,4269.83,23.6607,18.3479,14.0921,18.8045,14.7572,12.0593,10.4394,9.82344,10.1256,10.7343,12.2844,14.2904,17.0392,20.5935,25.2618,31.2248,38.9696,49.1991,62.818,81.3229,106.089,139.218,183.042,240.509,314.752,410.802,532.086,682.31,861.917,1069.02,1282.84,1476.45,1616.42,1673.95,1648.04,1551.84,1436.34,1321.78,1224.56,1148.44,0
24,556.445,559.099,560.585,565.525,564.537,564.279,564.145,564.348,564.604,565.199,566.733,567.934,569.603,571.522,573.814,576.301,578.953,581.739,584.679,587.877,591.879,597.383,605.73,618.769,638.585,672.236,726.728,813.82,951.373,1155.48,1445.96,1823.96,2265.38,2733.3,3158.62,3526.26,3818.61,4044.18,4226.53,4395.43,23.5141,17.7164,14.0211,18.5548,14.3528,12.0111,10.923,10.5747,11.0873,12.1154,14.0696,16.4196,19.6877,23.8738,29.1277,35.7617,44.3018,55.4728,70.3101,90.4278,117.619,154.092,202.627,267.041,350.886,459.883,598.647,770.164,977.9,1204.75,1430.38,1619.46,1733.09,1740.14,1653.92,1515.78,1358.48,1222.54,1109.08,1019.73,0
25,557.03,559.825,560.685,565.642,564.839,564.374,564.405,564.659,564.624,565.498,566.908,568.139,569.78,571.727,574.009,576.502,579.211,581.857,584.672,587.792,591.581,596.749,604.4,616.902,635.362,667.426,719.27,803.245,937.367,1140.09,1429.63,1819.17,2276.22,2767.85,3220.99,3600.73,3900.07,4132.46,4316.79,4469.05,22.86,17.5827,14.0358,17.9443,13.88,11.718,10.6554,10.4864,10.9587,12.1082,14.021,16.4853,19.7286,23.9205,29.1693,35.8463,44.3576,55.5447,70.4128,90.5774,117.878,154.487,203.397,268.303,352.852,463.38,604.757,781.128,995.463,1234.42,1477.08,1682.72,1805.68,1818.9,1734.8,1579.99,1411.36,1252.58,1123.0,1027.96,0
26,414.626,414.265,414.328,417.748,416.639,416.316,416.292,416.313,416.259,416.629,417.464,418.292,419.158,420.321,421.682,423.255,425.031,426.991,429.158,431.64,434.528,438.351,443.639,451.826,465.176,485.584,516.997,568.304,648.968,772.65,959.606,1222.73,1573.39,2000.56,2468.14,2928.2,3342.78,3688.68,3975.84,4211.17,4.89967,3.86848,2.8536,7.83771,6.27455,5.56137,5.36859,5.60728,6.23882,7.26566,8.81122,10.788,13.2276,16.4064,20.4704,25.6691,32.2855,40.9087,52.2441,67.3165,87.4608,114.378,150.426,197.94,261.258,343.27,448.296,582.226,748.133,946.676,1175.31,1408.67,1623.58,1773.85,1837.77,1809.44,1705.64,1564.55,1424.98,1295.79,0
27,415.062,414.144,413.955,417.685,416.724,416.347,416.164,416.206,416.106,416.574,417.132,418.268,419.225,420.451,421.857,423.437,425.227,427.216,429.385,431.91,434.867,438.83,444.417,452.75,466.417,487.21,518.947,570.937,651.335,774.677,960.233,1222.78,1571.51,1995.72,2465.28,2931.41,3355.55,3711.85,4011.74,4265.75,5.86979,4.15057,3.76253,8.14044,6.55692,5.71566,5.55425,5.73861,6.46559,7.38582,8.83253,10.8751,13.4069,16.5206,20.5585,25.6374,32.2372,40.8305,52.1187,67.1289,87.1931,114.047,149.912,197.287,260.275,341.699,445.989,578.842,743.523,939.983,1167.34,1401.55,1617.06,1773.67,1846.73,1825.82,1731.13,1594.99,1451.48,1322.82,0
28,416.744,416.445,416.245,420.13,419.09,418.756,418.617,418.772,418.863,419.371,420.087,421.355,422.447,423.765,425.244,426.846,428.626,430.495,432.607,435.248,438.74,443.897,451.753,464.95,485.418,517.412,571.295,657.938,794.559,1002.52,1300.28,1700.55,2185.33,2704.65,3203.11,3626.93,3974.18,4238.92,4447.28,4634.3,5.32068,4.27174,4.07856,8.74715,7.02186,6.43433,6.4203,6.84846,7.80315,9.02626,10.9664,13.4809,16.6788,20.7345,25.937,32.7591,41.617,53.4706,69.196,90.4329,118.922,156.999,207.572,274.97,362.896,476.324,621.808,803.528,1021.85,1273.58,1527.11,1748.36,1895.79,1928.51,1848.31,1692.89,1505.73,1313.48,1145.56,1014.46,0
29,417.056,416.683,416.979,420.357,419.512,418.968,418.912,419.015,419.161,419.636,420.332,421.601,422.692,423.985,425.491,427.095,428.787,430.638,432.652,435.198,438.422,443.174,450.471,462.588,481.546,511.353,561.776,643.639,773.469,976.88,1273.55,1681.21,2185.57,2740.87,3281.53,3747.29,4123.16,4411.52,4631.39,4807.42,4.56861,3.77204,3.21678,8.16096,6.6488,6.13199,6.19876,6.6442,7.7299,9.06801,10.9266,13.4841,16.6857,20.7347,25.9881,32.7825,41.7068,53.5337,69.3076,90.6164,119.172,157.447,208.486,276.223,365.189,480.287,629.06,816.292,1044.62,1310.64,1588.71,1842.09,2017.96,2073.66,2000.96,1839.26,1633.19,1422.28,1239.0,1093.51,0
30,486.852,487.131,487.736,491.349,490.166,489.451,489.212,489.356,488.995,489.577,490.868,492.383,493.965,495.742,497.926,500.654,503.142,505.641,508.16,510.883,513.79,517.72,523.311,531.856,545.625,567.897,602.812,661.503,755.189,901.583,1124.69,1435.38,1841.98,2317.42,2811.0,3264.77,3642.59,3944.15,4175.64,4357.36,4.15682,4.01053,3.23952,9.17836,7.20936,6.56092,6.4778,6.82454,8.19522,9.46527,11.4149,13.794,16.6243,20.2464,24.6082,30.3176,37.1901,46.2011,58.0755,74.2136,96.0218,125.499,165.04,217.666,287.29,378.457,495.935,645.768,830.714,1050.75,1296.72,1537.06,1735.7,1844.31,1844.67,1745.62,1586.59,1410.17,1246.88,1108.0,0
31,486.46,486.429,487.281,491.09,489.873,489.149,488.943,489.034,488.697,489.356,490.647,492.187,493.735,495.625,497.729,500.093,502.945,505.48,508.069,510.847,513.976,518.079,524.133,533.163,547.627,571.119,607.42,667.573,763.413,911.301,1132.47,1442.18,1838.15,2297.71,2774.5,3211.25,3586.16,3879.69,4115.38,4313.64,5.40524,4.80045,4.19347,9.77629,7.96417,6.81045,6.75854,7.05267,8.20451,9.51092,11.4042,13.8723,16.6496,20.2709,24.6259,30.1009,37.2031,46.1339,58.0205,74.1563,95.8772,125.2,164.397,216.747,285.775,375.811,491.324,638.55,819.65,1032.45,1269.58,1500.93,1684.6,1790.75,1791.6,1701.74,1557.47,1392.18,1240.38,1114.11,0
32,467.586,467.461,467.916,471.779,470.611,470.02,470.075,469.952,469.468,470.006,471.476,472.416,473.792,475.503,477.494,479.794,482.24,484.742,487.259,489.978,493.563,498.13,504.876,515.416,532.664,559.413,604.854,678.604,795.281,977.628,1240.25,1600.45,2039.54,2516.14,2972.59,3366.8,3677.41,3917.14,4104.64,4257.54,5.24366,4.69387,4.00798,9.16912,7.38229,6.53118,6.4614,6.76079,7.97332,9.34223,11.4791,13.7572,17.033,21.0755,26.0887,32.3245,40.2167,50.5215,64.0786,82.4913,107.566,141.129,185.985,245.618,324.131,425.76,557.048,721.891,921.2,1153.54,1393.72,1605.84,1749.33,1788.18,1722.38,1582.77,1412.01,1248.59,1114.38,1007.22,0
33,467.56,467.202,467.804,471.715,470.315,469.937,469.788,469.834,469.254,469.876,471.281,472.249,473.688,475.336,477.387,479.657,482.105,484.652,487.154,489.962,493.727,498.465,505.487,516.438,534.224,561.236,607.319,681.12,797.667,976.562,1236.43,1586.72,2023.42,2500.87,2968.14,3377.08,3715.0,3973.73,4184.8,4369.67,5.8771,5.39108,4.35084,9.81676,7.85492,6.85928,6.71709,6.98539,8.00833,9.33514,11.3935,13.7861,16.997,21.0358,26.0628,32.2363,40.1245,50.337,63.9468,82.2839,107.276,140.703,185.294,244.498,322.502,423.094,552.945,715.563,912.885,1142.12,1380.62,1599.04,1751.29,1811.89,1764.44,1642.66,1486.46,1325.33,1186.55,1094.35,0
34,544.535,546.543,547.646,552.859,551.926,551.629,551.583,551.764,551.693,552.206,553.347,554.241,555.479,556.887,558.702,560.747,562.987,565.513,568.086,571.052,574.66,579.651,587.056,598.767,616.511,647.227,696.811,777.337,906.291,1101.08,1385.07,1769.09,2234.9,2739.4,3219.63,3631.82,3962.14,4220.24,4415.11,4579.4,22.319,17.0335,13.6273,17.4334,13.3679,11.1274,10.061,9.45862,9.91306,10.7639,12.4019,14.6737,17.7834,21.8733,27.1096,33.863,42.4922,53.8725,68.7062,88.8194,115.893,152.164,200.401,264.71,348.554,457.907,598.837,774.37,990.196,1233.18,1483.89,1709.17,1854.57,1891.68,1819.71,1668.98,1490.45,1314.2,1172.25,1052.83,0
35,544.388,546.4,547.975,552.634,551.933,551.393,551.285,551.485,551.444,551.936,553.127,554.095,555.249,556.782,558.529,560.561,562.911,565.307,568.046,571.109,574.908,580.198,588.064,600.526,619.191,651.461,703.023,786.394,917.306,1115.12,1395.74,1774.12,2225.97,2717.04,3184.94,3586.4,3914.03,4161.69,4361.02,4538.56,23.1314,17.7145,13.8749,18.0687,14.1404,11.5346,10.1011,9.6294,9.99156,10.8439,12.4871,14.7739,17.8258,21.8902,27.1332,33.84,42.4793,53.8131,68.7522,88.8553,115.843,152.002,200.374,264.007,347.254,455.674,594.229,767.173,976.664,1211.51,1452.44,1661.84,1801.23,1831.82,1765.41,1618.89,1451.47,1292.03,1149.78,1039.33,0
36,542.456,544.968,545.803,550.754,549.797,549.198,549.128,549.125,548.773,549.035,549.998,550.67,551.497,552.686,554.039,555.659,557.447,559.443,561.59,563.983,566.657,570.137,574.762,582.201,593.622,610.779,640.029,687.205,760.85,874.868,1048.32,1293.73,1625.71,2031.37,2476.77,2921.54,3317.5,3655.0,3926.97,4153.84,22.284,17.0195,12.8563,16.726,12.6106,10.1487,8.54519,7.82456,7.75925,8.21534,9.44957,11.0387,13.175,16.0842,19.7936,24.5549,30.6649,38.5948,48.9258,62.7646,81.3268,106.194,139.431,183.868,242.19,318.454,417.108,543.13,699.091,887.817,1105.41,1330.44,1535.88,1691.05,1755.99,1731.6,1634.94,1501.52,1363.93,1241.31,0
37,542.137,543.741,545.979,550.424,549.318,548.909,548.712,548.659,548.423,548.689,549.556,550.283,551.164,552.325,553.647,555.2,556.993,558.922,561.076,563.516,566.252,569.795,574.783,582.201,593.911,611.192,640.614,687.925,762.039,875.861,1048.29,1294.41,1628.21,2030.82,2482.16,2933.81,3344.01,3689.06,3977.75,4211.02,22.8019,17.556,13.7585,17.2757,13.0923,10.4016,8.72338,7.90114,7.89387,8.19553,9.36083,11.0265,13.1548,16.0357,19.7323,24.5301,30.699,38.6662,49.1106,63.0808,81.6581,106.638,140.083,184.501,243.02,319.301,418.167,543.746,700.603,888.482,1108.49,1336.35,1548.42,1707.14,1781.43,1762.94,1674.41,1542.14,1406.09,1277.25,0
38,421.006,421.113,421.112,424.605,423.536,423.116,422.909,422.981,422.966,423.426,423.993,425.154,426.231,427.508,429.043,430.837,432.847,435.027,437.54,440.605,444.546,450.315,459.409,473.513,496.15,531.39,590.831,685.37,834.815,1060.22,1378.75,1801.81,2299.95,2830.01,3323.8,3748.94,4082.77,4346.46,4546.65,4722.94,6.99622,5.61021,5.2265,9.28407,7.37601,6.65629,6.53311,6.96464,7.85393,9.21186,11.1855,13.9837,17.4755,22.0105,27.7614,35.2092,44.8892,57.6277,74.478,97.1253,127.431,167.974,222.254,293.486,386.881,507.091,661.129,852.36,1084.22,1339.93,1599.6,1813.19,1945.51,1959.44,1865.64,1701.23,1499.26,1328.25,1173.22,1032.7,0
39,421.414,421.153,421.449,424.776,423.923,423.364,423.171,423.246,423.315,423.649,424.545,425.377,426.474,427.7,429.28,431.042,433.033,435.226,437.668,440.607,444.372,449.866,458.611,472.016,493.652,527.847,585.284,677.733,825.983,1048.87,1370.86,1799.24,2306.12,2844.28,3347.01,3770.77,4103.64,4358.33,4555.66,4720.29,6.30865,5.2038,3.9946,8.79506,7.08067,6.41228,6.27836,6.69558,7.80479,9.14511,11.2715,13.9444,17.5004,22.0073,27.8125,35.2447,44.9581,57.7052,74.5805,97.2324,127.63,168.314,222.666,294.416,388.462,509.575,665.665,860.348,1096.01,1359.06,1626.93,1849.22,1985.38,1997.9,1897.96,1721.93,1522.31,1329.46,1172.57,1042.01,0
40,456.019,455.941,456.236,460.018,458.977,458.457,458.46,458.636,458.325,459.085,460.677,461.938,463.412,465.118,467.177,469.508,472.059,474.784,477.602,480.609,483.974,488.731,495.004,504.724,519.928,544.534,582.681,645.766,745.214,897.884,1124.54,1438.4,1836.65,2290.97,2750.49,3172.03,3530.96,3809.79,4037.15,4231.87,6.21999,5.10681,3.91211,9.79145,7.95443,7.08746,6.89858,7.37721,8.38794,9.74991,11.593,13.762,16.6749,20.3286,24.9327,30.7039,37.9542,47.2739,59.4532,75.9079,98.0542,128.057,168.064,221.149,291.274,382.697,499.643,647.99,829.914,1041.19,1275.45,1497.52,1671.3,1760.03,1751.52,1659.33,1517.99,1368.82,1227.29,1113.63,0
41,456.614,456.052,456.642,460.374,459.369,458.905,458.863,458.979,458.68,459.4,461.016,462.358,463.716,465.457,467.5,469.859,472.371,475.071,477.812,480.762,483.914,488.47,494.322,503.491,517.9,541.164,577.726,638.534,735.564,886.934,1112.99,1430.0,1836.09,2303.24,2784.58,3220.81,3585.57,3879.68,4100.63,4294.17,5.15737,4.29894,3.62846,9.14462,7.62981,6.7184,6.79895,7.21057,8.4258,9.7113,11.6499,13.7423,16.657,20.3876,24.9583,30.6567,37.9513,47.2265,59.4829,75.8991,98.0304,128.113,168.247,221.642,292.234,384.513,503.152,653.87,840.148,1059.35,1302.57,1537.69,1722.72,1820.87,1813.57,1714.54,1565.3,1403.94,1255.6,1133.87,0
42,474.006,473.571,474.073,478.163,476.86,476.169,476.125,476.086,475.587,475.921,477.224,478.006,479.071,480.295,481.769,483.43,485.437,487.582,489.873,492.475,495.892,500.116,506.365,515.953,531.323,556.012,594.206,657.025,756.184,906.057,1128.67,1428.74,1802.2,2220.48,2635.98,3009.32,3321.72,3568.32,3772.62,3947.82,5.44049,4.66261,3.70498,9.22208,7.20051,6.26988,5.90804,6.05853,6.98695,8.00238,9.62952,11.5475,14.2341,17.654,22.0298,27.6169,34.7763,43.9234,56.0807,72.278,94.21,123.396,162.433,214.021,282.054,370.29,482.487,623.821,796.205,994.513,1209.38,1407.2,1557.22,1623.88,1602.35,1513.23,1387.15,1259.15,1143.03,1054.4,0
43,473.645,473.503,473.965,477.875,476.52,475.926,475.881,475.762,475.156,475.633,476.954,477.731,478.737,479.97,481.398,483.104,485.015,487.174,489.451,492.112,495.62,499.928,506.36,516.277,531.859,557.261,596.343,660.861,761.249,913.969,1139.57,1440.25,1813.37,2224.48,2618.81,2965.18,3245.24,3458.59,3634.61,3777.25,5.17441,4.83065,3.61559,9.43235,7.25886,6.26645,5.88659,6.17421,7.03791,8.02944,9.64134,11.6007,14.2754,17.7323,22.1171,27.7728,34.9621,44.3241,56.5465,72.8778,95.0549,124.557,163.955,215.91,284.237,373.057,485.437,627.297,798.787,995.678,1206.61,1394.57,1530.41,1577.92,1535.96,1432.5,1295.7,1157.89,1036.65,962.99,0
44,449.206,448.692,448.658,452.643,451.518,450.904,450.784,450.864,450.464,451.336,452.322,453.266,454.57,456.116,458.051,460.211,462.513,464.98,467.595,470.682,474.678,480.873,489.803,504.15,527.298,563.856,625.141,723.317,878.305,1108.43,1433.08,1845.65,2313.08,2779.15,3196.88,3527.53,3780.31,3970.88,4124.46,4256.98,5.16854,4.11303,3.11555,8.97374,7.19397,6.51669,6.47866,6.93279,8.21908,9.7953,11.8471,14.6295,18.3054,22.9508,28.7406,36.0823,45.5005,57.8678,74.311,96.5237,126.371,166.64,219.852,290.261,382.385,500.412,651.287,836.994,1058.16,1296.27,1522.95,1694.45,1769.66,1732.39,1602.58,1426.23,1253.69,1095.89,975.697,887.411,0
45,387.978,387.834,387.243,390.783,389.981,389.304,389.262,389.191,389.067,389.342,390.021,390.556,391.318,392.24,393.44,394.856,396.532,398.4,400.42,402.582,405.138,408.452,413.181,420.379,432.032,450.704,480.387,527.287,603.304,722.645,905.062,1169.65,1527.79,1968.52,2456.69,2940.19,3370.93,3722.49,4008.96,4237.49,4.8935,3.92638,3.08875,7.35157,5.95214,5.06387,4.69758,4.90694,5.52763,6.44153,7.97586,9.7614,12.1894,15.3036,19.3312,24.4136,30.9337,39.3293,50.2849,64.9364,84.5292,110.862,145.96,192.891,255.248,336.721,442.04,575.771,744.44,947.884,1184.04,1430.47,1660.72,1824.04,1891.47,1856.31,1740.08,1579.06,1411.26,1269.1,0
46,387.97,387.137,387.597,390.423,389.34,388.977,388.766,388.779,388.703,388.879,389.277,390.14,390.851,391.722,392.907,394.315,395.923,397.809,399.841,402.171,404.791,408.231,413.234,420.707,432.82,451.672,481.985,529.064,605.429,723.984,905.537,1165.35,1520.67,1960.68,2460.83,2959.31,3421.62,3801.94,4116.64,4385.59,5.59884,3.9858,3.15195,7.68223,5.91076,5.35432,4.88198,5.00184,5.43504,6.44006,7.76064,9.64747,12.1529,15.2465,19.2606,24.4008,30.9773,39.4708,50.4943,65.2187,84.8833,111.232,146.473,193.338,255.656,336.816,442.015,575.665,743.327,946.655,1184.33,1434.53,1670.79,1851.14,1944.5,1921.76,1824.83,1673.57,1510.74,1365.47,0
47,377.041,376.651,376.448,379.915,378.976,378.612,378.519,378.686,378.657,379.255,379.907,381.128,382.382,383.923,385.704,387.793,390.017,392.423,395.011,398.034,401.882,407.218,415.492,428.484,449.318,482.96,535.821,622.384,758.22,964.463,1257.35,1645.85,2108.01,2607.09,3076.79,3483.32,3811.74,4064.78,4265.86,4449.47,6.87663,5.88945,4.81246,9.01764,7.4161,6.55855,6.50741,6.9262,7.73767,9.3061,11.3125,14.0445,17.451,21.7348,27.1888,34.0976,42.9739,54.5895,69.9431,90.6527,118.512,155.762,205.397,271.357,357.521,469.415,611.038,787.848,999.569,1241.42,1481.14,1689.42,1824.63,1845.74,1769.08,1620.82,1441.08,1275.84,1128.68,999.625,0
48,377.24,377.166,376.662,380.077,379.231,378.839,378.772,378.874,378.885,379.443,380.131,381.413,382.585,384.114,385.921,387.997,390.191,392.552,395.066,397.941,401.486,406.444,414.048,426.067,445.273,476.597,526.497,608.393,739.125,941.654,1235.03,1631.83,2116.37,2636.11,3143.07,3575.43,3927.1,4194.96,4400.02,4570.64,6.65334,5.53298,4.56543,8.63257,7.04471,6.43801,6.4285,6.79305,7.78053,9.27005,11.2816,14.0495,17.4474,21.7245,27.2047,34.107,42.991,54.5951,69.9812,90.7237,118.603,155.991,205.878,272.357,359.467,472.962,617.313,799.599,1020.02,1274.66,1536.36,1771.22,1925.17,1964.35,1885.67,1733.73,1540.87,1353.61,1187.07,1049.41,0
49,522.522,524.324,525.878,530.664,529.707,529.385,529.355,529.515,529.608,530.277,531.576,532.751,534.21,535.976,538.107,540.57,543.245,546.091,549.062,552.203,555.683,560.106,566.259,575.956,591.125,613.978,653.272,716.122,815.077,968.013,1195.41,1509.15,1906.65,2361.36,2822.7,3242.17,3589.21,3871.96,4101.44,4277.55,19.631,15.4508,12.1898,16.6371,13.1285,10.8023,9.73901,9.36243,9.82118,10.7148,12.3855,14.6176,17.3821,21.0126,25.5648,31.2821,38.4999,47.7404,59.8873,76.1219,98.0635,127.631,167.41,220.018,289.854,380.21,497.568,645.168,826.257,1037.75,1271.12,1492.0,1663.95,1758.26,1741.25,1644.2,1501.14,1344.97,1207.28,1105.98,0
50,523.017,524.678,526.209,530.878,530.023,529.638,529.64,529.833,530.019,530.538,531.915,533.065,534.489,536.251,538.363,540.814,543.474,546.295,549.206,552.277,555.571,559.764,565.558,574.476,588.657,610.207,647.238,706.718,802.525,953.63,1179.6,1494.02,1902.34,2374.34,2858.73,3303.82,3669.33,3961.1,4185.49,4374.3,20.3121,15.6375,12.2635,16.3791,12.797,10.6254,9.70059,9.37529,9.84169,10.7151,12.3974,14.527,17.3602,20.9878,25.54,31.279,38.5117,47.816,59.9227,76.1899,98.1853,127.74,167.703,220.807,291.07,382.529,501.506,652.64,839.231,1061.59,1305.29,1543.82,1735.61,1836.97,1829.95,1729.49,1577.51,1409.11,1258.61,1138.38,0
51,557.808,560.084,560.82,566.337,565.504,564.988,564.807,564.946,564.915,565.399,566.59,567.543,568.785,570.303,572.121,574.319,576.865,579.581,582.424,585.594,589.082,593.833,600.543,611.195,626.636,653.577,696.95,766.145,875.131,1043.33,1285.68,1614.6,2025.42,2474.0,2920.33,3312.0,3633.39,3887.15,4088.76,4258.44,22.5126,17.3067,13.4513,17.9578,13.7743,11.4338,9.82746,9.42814,9.67619,10.4145,12.0319,14.0562,16.8835,20.6315,25.5005,31.6221,39.369,49.3187,62.2891,79.7021,103.106,134.587,176.758,232.812,305.966,401.569,524.324,678.105,864.666,1082.5,1311.32,1519.9,1672.06,1731.59,1691.69,1578.15,1432.36,1282.4,1152.45,1054.28,0
52,557.88,559.729,560.893,566.53,565.696,565.132,565.025,565.113,565.238,565.583,566.92,567.777,568.98,570.517,572.374,574.632,577.182,579.955,582.843,586.027,589.71,594.586,601.737,613.086,629.487,658.234,704.62,778.063,892.353,1065.88,1312.38,1635.75,2035.38,2474.25,2899.47,3291.93,3597.82,3864.88,4071.91,4226.46,23.6919,18.3944,14.2738,18.3187,13.9633,11.6639,10.0317,9.66695,9.94285,10.5228,12.132,14.1133,16.9531,20.7243,25.5212,31.6381,39.3494,49.2712,62.1683,79.5419,102.871,134.233,176.491,232.161,304.979,399.848,520.537,671.322,851.054,1059.72,1270.73,1466.0,1602.49,1660.5,1619.9,1513.16,1368.73,1227.19,1122.58,1009.63,0
53,475.615,475.451,475.48,479.611,478.414,477.747,477.537,477.537,477.075,477.496,478.809,479.793,481.016,482.644,484.595,486.769,489.168,491.618,494.295,497.773,501.561,507.03,515.306,528.538,550.136,584.269,642.004,736.23,886.597,1114.91,1442.58,1873.99,2377.09,2899.65,3372.48,3763.07,4062.82,4285.13,4464.86,4610.03,4.40892,4.14419,3.75798,8.87635,7.07994,6.4743,6.21384,6.89254,8.11952,9.76401,11.9888,14.8202,18.51,23.2443,29.107,36.5446,46.0596,58.5005,75.0895,97.5874,127.691,168.085,222.1,293.39,387.169,508.252,664.229,858.578,1093.29,1352.76,1609.43,1819.36,1931.19,1922.18,1800.65,1615.9,1421.76,1240.81,1099.4,986.775,0
54,475.134,475.432,475.531,479.568,478.293,477.528,477.453,477.38,476.846,477.314,478.661,479.611,480.905,482.536,484.483,486.684,489.032,491.582,494.254,497.868,501.898,507.756,516.615,530.662,553.554,589.372,649.651,747.028,900.377,1131.05,1456.41,1878.71,2367.39,2863.13,3315.78,3691.52,3980.52,4203.38,4390.24,4535.2,4.45577,4.47931,3.74079,9.31063,7.31351,6.46623,6.49339,6.96277,8.21901,9.74967,12.0306,14.7637,18.5101,23.1869,29.0672,36.4672,45.9823,58.513,75.0007,97.5235,127.583,167.802,221.494,292.315,385.385,505.233,658.113,848.026,1075.89,1322.82,1565.23,1758.96,1857.16,1843.63,1726.13,1553.89,1372.95,1207.14,1068.11,984.533,0
55,415.343,415.016,415.543,418.761,417.777,417.336,417.145,417.138,417.163,417.476,418.415,419.183,420.174,421.483,423.039,424.91,426.978,429.22,431.613,434.232,437.153,441.127,446.743,455.821,469.664,491.828,525.924,582.442,670.951,807.89,1014.29,1306.17,1690.42,2156.94,2657.24,3142.36,3566.83,3913.53,4198.96,4415.11,4.97939,4.3798,3.06695,8.02526,6.43692,5.68894,5.45707,5.75792,6.64491,7.75516,9.5227,11.625,14.3857,17.9195,22.4108,27.9822,35.1127,44.3237,56.3037,72.422,94.0272,123.03,161.891,213.77,281.744,370.673,484.367,629.649,809.478,1024.5,1269.67,1518.28,1735.77,1884.07,1927.76,1872.84,1738.02,1576.42,1410.6,1265.13,0
56,415.179,415.073,415.271,418.681,417.649,417.153,416.97,417.008,416.871,417.272,418.197,419.022,420.092,421.406,422.983,424.837,426.946,429.221,431.58,434.238,437.278,441.309,447.313,456.571,470.825,493.845,528.735,586.772,677.189,816.265,1024.87,1315.49,1701.98,2161.49,2650.48,3124.29,3538.56,3874.28,4145.42,4373.84,5.83499,4.75574,3.7025,8.65149,6.74233,5.98543,5.66394,5.98184,6.75386,7.86841,9.57531,11.7706,14.5292,18.0516,22.4553,28.0414,35.1557,44.3509,56.3431,72.4773,94.1316,123.166,162.029,213.945,281.991,370.699,484.23,628.388,806.629,1018.37,1257.01,1500.01,1710.21,1847.79,1882.3,1822.62,1692.71,1526.82,1363.14,1226.47,0
57,491.617,491.972,491.841,493.568,495.247,494.54,494.442,494.402,493.935,494.368,495.321,496.474,497.429,498.637,500.13,502.278,504.254,506.424,508.862,511.787,515.405,520.685,528.699,541.256,561.913,593.982,648.303,735.816,876.39,1089.31,1398.74,1815.81,2326.68,2882.47,3416.15,3881.69,4254.62,4530.94,4746.13,4946.35,9.41856,7.75783,5.65852,10.2179,9.95022,7.75672,7.33152,7.38296,8.32123,9.54032,11.3647,13.884,17.0557,21.4563,27.0699,34.5034,43.892,56.2023,72.508,94.4681,123.874,163.302,215.894,285.355,376.611,494.8,647.058,837.94,1071.7,1334.97,1608.39,1850.2,2016.98,2061.2,1974.89,1810.87,1596.83,1394.46,1203.69,1030.87,0
58,491.923,491.678,492.812,496.442,495.302,494.762,494.851,494.68,494.192,494.636,495.624,496.733,497.722,498.947,500.864,502.615,504.58,506.711,509.079,511.915,515.473,520.515,528.287,540.64,560.779,592.161,645.896,733.221,873.144,1086.77,1398.85,1822.96,2337.66,2897.87,3430.59,3888.22,4252.1,4521.99,4730.47,4898.51,8.98266,7.58467,6.14879,12.6946,8.59367,7.46883,7.1394,7.35562,8.23121,9.4873,11.3916,13.9514,17.1499,21.515,27.429,34.642,44.0214,56.3285,72.6818,94.7156,124.26,163.803,216.615,286.452,378.61,497.705,651.317,844.754,1080.81,1348.56,1626.01,1872.39,2031.26,2068.19,1978.79,1801.96,1580.65,1367.86,1178.58,1019.2,0
59,502.239,504.003,505.561,509.9,508.955,508.483,508.497,508.527,508.439,508.901,510.007,511.028,512.369,513.996,515.912,518.129,520.631,523.209,525.865,528.773,531.924,535.964,541.709,550.423,564.249,586.345,620.186,676.112,764.908,901.67,1105.64,1388.83,1755.06,2184.61,2633.99,3049.86,3410.48,3701.14,3935.0,4135.33,18.5705,14.595,11.1918,15.5739,12.0877,9.93459,8.66993,8.39524,8.72154,9.50241,11.1614,13.1611,15.8205,19.2316,23.4296,28.7437,35.4037,43.9724,55.1712,70.2643,90.5935,118.014,154.794,203.5,268.004,351.887,459.35,596.874,764.769,963.527,1187.3,1404.02,1585.95,1691.39,1708.27,1636.88,1515.95,1368.99,1234.48,1131.78,0
60,502.756,504.281,505.821,510.228,509.51,508.941,508.874,508.861,508.776,509.234,510.411,511.309,512.651,514.235,516.187,518.436,520.847,523.451,526.061,528.844,531.864,535.671,540.9,549.154,562.083,582.616,614.384,667.915,752.508,884.482,1086.16,1369.55,1746.17,2192.96,2667.69,3115.63,3503.04,3815.86,4066.65,4270.64,18.7112,14.7022,10.9308,15.2448,11.8797,9.76384,8.53697,8.23462,8.56763,9.49171,11.0115,13.0588,15.8113,19.2005,23.4543,28.7485,35.4208,43.9422,55.2016,70.3089,90.5807,118.066,154.872,203.932,268.952,353.882,462.958,602.779,776.251,983.479,1219.92,1455.49,1658.85,1788.39,1818.28,1752.25,1622.04,1468.24,1323.48,1202.36,0
61,494.782,494.786,494.867,499.007,497.848,497.185,496.68,496.753,496.198,496.54,497.378,498.449,499.314,500.536,502.45,504.335,506.459,508.781,511.219,513.958,517.037,521.208,527.241,536.601,551.498,575.466,612.62,674.066,771.114,919.562,1142.39,1447.21,1832.51,2271.11,2712.32,3111.89,3440.33,3701.45,3911.03,4089.23,5.73677,4.84492,3.7548,10.5948,7.18798,6.05434,5.71006,5.98798,6.80396,7.84607,9.46801,11.5718,14.2865,17.9827,22.7632,28.4863,35.7006,45.0149,57.1769,73.4677,95.3443,124.796,164.301,216.345,285.221,374.688,489.024,633.818,810.636,1017.26,1243.17,1456.28,1621.95,1702.5,1685.55,1589.35,1454.51,1309.2,1181.1,1079.02,0
62,494.387,494.187,495.074,498.63,497.676,496.936,496.602,496.421,495.855,496.169,497.04,498.098,499.008,500.219,502.105,503.961,506.112,508.448,510.943,513.759,516.921,521.236,527.438,537.189,552.523,577.155,615.276,677.961,776.07,926.233,1147.26,1452.19,1832.67,2266.95,2708.61,3109.06,3443.34,3718.51,3936.61,4120.8,6.36023,5.25835,4.33448,11.6451,7.65417,6.37399,6.06538,6.05858,6.84957,7.89562,9.55337,11.664,14.3645,17.9855,22.8375,28.4978,35.7544,45.0957,57.3045,73.661,95.5893,125.076,164.405,216.648,285.301,374.649,488.304,631.882,807.18,1011.19,1233.72,1446.82,1610.55,1693.66,1680.46,1592.99,1462.14,1325.49,1202.52,1098.58,0
63,477.409,477.36,477.838,481.711,480.673,479.902,479.686,479.929,479.486,480.126,481.623,482.641,483.999,485.651,487.654,489.953,492.513,495.133,498.299,501.324,504.876,509.62,516.741,527.785,545.404,572.772,618.858,693.039,810.702,992.415,1259.34,1624.86,2074.92,2585.16,3083.13,3526.9,3891.99,4188.1,4421.4,4614.09,5.53435,5.01726,3.78002,9.55422,7.74017,6.81541,6.77297,7.21678,8.37093,9.78864,11.8975,14.2283,17.5656,21.7119,26.9927,33.5516,41.8448,52.6409,66.9788,86.1146,111.929,146.597,193.116,254.637,335.678,440.562,576.031,746.901,954.451,1198.62,1456.38,1693.94,1869.39,1943.24,1905.97,1785.75,1623.12,1458.73,1320.25,1200.05,0
64,476.801,476.992,477.257,481.421,480.078,479.666,479.29,479.558,479.078,479.752,481.281,482.363,483.651,485.348,487.381,489.7,492.257,494.954,498.21,501.317,505.045,510.189,517.726,529.643,548.599,577.666,626.38,704.192,826.286,1013.49,1281.58,1642.18,2085.52,2569.87,3043.69,3460.15,3805.48,4087.03,4315.21,4512.38,6.4492,5.39345,4.64586,10.1877,8.12603,7.22229,7.0178,7.39195,8.5134,9.87531,11.9384,14.3525,17.6759,21.8322,27.117,33.6809,42.0443,52.8476,67.2339,86.4208,112.294,147.037,193.354,254.95,335.619,439.838,573.471,740.981,943.255,1178.37,1421.03,1638.84,1793.78,1851.23,1806.2,1689.46,1535.57,1381.25,1247.08,1150.7,0
65,407.34,407.24,407.305,410.711,409.64,409.359,409.277,409.257,409.219,409.615,410.426,411.027,411.806,412.767,413.886,415.193,416.761,418.428,420.223,422.252,424.737,428.149,433.179,441.291,454.644,475.552,508.275,561.837,646.681,778.107,974.935,1250.83,1611.41,2043.38,2503.32,2940.7,3318.14,3624.62,3869.02,4064.65,5.10316,3.95513,3.65671,7.88016,6.31483,5.51939,5.25966,5.37806,6.04796,6.87558,8.31203,10.0238,12.4365,15.5066,19.4857,24.6046,31.1598,39.7382,51.0655,66.3086,86.6558,114.118,150.672,199.244,263.604,347.119,453.989,589.879,757.94,956.793,1181.67,1406.5,1602.43,1727.09,1754.73,1685.66,1556.15,1397.06,1237.75,1110.48,0
66,407.072,406.933,407.024,410.457,409.612,408.963,408.889,408.903,408.768,409.16,409.651,410.581,411.308,412.236,413.339,414.688,416.206,417.919,419.744,421.896,424.427,428.064,433.196,441.558,454.95,476.092,509.743,561.353,644.968,771.697,962.801,1233.26,1591.34,2021.77,2502.01,2969.77,3380.61,3742.45,4019.71,4245.03,5.59037,4.5129,3.3234,8.29828,6.60249,5.67223,5.18174,5.36573,5.97317,6.82652,8.12677,9.97245,12.348,15.3904,19.4006,24.5215,31.1543,39.7464,51.1101,66.3123,86.7403,114.104,150.544,198.918,262.993,346.061,453.171,587.645,755.208,954.166,1183.2,1418.79,1631.29,1782.63,1842.24,1796.86,1679.82,1536.13,1394.44,1228.72,0
67,448.88,448.84,449.33,453.014,451.852,451.486,451.286,451.412,451.013,451.901,452.442,453.623,454.675,455.796,457.151,458.693,460.363,462.255,464.423,467.249,471.037,477.141,486.145,500.617,524.056,560.834,622.476,721.852,878.745,1113.24,1446.86,1877.74,2382.93,2900.27,3379.84,3777.32,4085.23,4323.88,4511.47,4650.01,8.40378,7.07736,5.15826,10.626,8.45618,7.47156,7.08829,7.31248,8.32545,9.57051,11.2578,13.8855,17.2445,21.5793,27.3394,34.7509,44.5555,57.5573,74.8279,98.1845,129.348,171.228,226.671,299.663,395.375,518.41,675.502,870.364,1104.34,1360.05,1609.22,1815.83,1920.81,1911.17,1793.7,1612.39,1412.54,1232.89,1082.89,956.899,0
68,449.119,449.024,449.619,453.138,452.177,451.644,451.629,451.656,451.195,452.086,453.029,453.898,454.884,456.018,457.411,458.954,460.594,462.459,464.534,467.226,470.843,476.606,485.232,499.079,521.632,557.096,617.59,715.395,871.747,1107.34,1444.57,1885.81,2401.55,2929.39,3406.04,3795.29,4092.17,4310.17,4482.2,4617.89,8.26859,6.67209,6.0035,10.223,8.1795,7.25195,6.90669,7.26368,8.32785,9.63318,11.4454,14.0012,17.3092,21.7221,27.4442,34.8829,44.6654,57.7389,75.0901,98.4565,129.823,171.93,227.751,301.4,397.993,522.426,682.348,880.909,1120.27,1382.18,1639.81,1850.32,1951.71,1935.46,1802.36,1608.35,1399.36,1208.94,1046.13,921.705,0
