ID,,,,,,,,,,,,,,,,,,,,,,,,,,,,,,,,,,,,,,,,,,,,,,,,,,,,,,,,,,,,,,,,,,,,,,,,,,,,,,,,,,,,,,,,,,,,,,,,,,,,,,,,,,,,,,,,,,,,,,,,,label
1,9.71E-05,0.000134745,0.000134595,0.000133763,0.000133063,0.000132477,0.000132005,0.000131441,0.00013098,0.000130529,0.00013006,0.000129888,0.000129506,0.000129136,0.000128828,0.000128338,0.000127938,0.000127165,0.000126725,0.000126278,0.000126325,0.000125814,0.000125543,0.000124777,0.00012461,0.000124147,0.000123855,0.000123555,0.000123412,0.000123073,0.000122844,0.000122859,0.000122733,0.000122539,0.000122298,0.000122224,0.000122188,0.000122427,0.000122604,0.000122574,0.00012272,0.00012287,0.000122934,0.000123119,0.000123795,0.000123982,0.000124322,0.000124766,0.000125174,0.00012555,0.000126141,0.000126741,0.00012735,0.000127775,0.000128268,0.000128601,0.000129036,0.000129309,0.000129617,0.0001295,0.000129337,0.000129371,0.000129272,0.000129141,0.000128822,0.000128451,0.000128117,0.000127862,0.000127914,0.00012743,0.000127171,0.000127219,0.000127145,0.00012692,0.000126887,0.000127043,0.000126985,0.000126707,0.000127051,0.000127058,0.000127522,0.000127572,0.000127978,0.000128015,0.000128411,0.000128531,0.000129111,0.000129442,0.000129597,0.00013,0.000130404,0.000130622,0.000130985,0.000131422,0.00013175,0.000132115,0.000132635,0.000133118,0.000133253,0.000133679,0.00013419,0.000134818,0.000135123,0.000135484,0.000136065,0.000136534,0.000137293,0.000137821,0.000138341,0.000138921,0.000139503,0.000140177,0.000140912,0.000141487,0.000142191,0.000142748,0.000143569,0.000144403,0.000145261,0.000145929,10
2,9.70E-05,0.000135075,0.00013488,0.000134336,0.000133783,0.00013335,0.000132726,0.000132372,0.00013158,0.00013107,0.00013045,0.000130429,0.00012993,0.00012943,0.00012897,0.000128512,0.000128239,0.000127936,0.000127209,0.000127051,0.000126387,0.00012614,0.000125587,0.00012513,0.000124918,0.000124541,0.000124304,0.000123894,0.000123787,0.000123294,0.000123431,0.000123293,0.000123142,0.000122981,0.000123081,0.000122808,0.000122611,0.000122519,0.000122789,0.000122907,0.000122877,0.000123425,0.000123516,0.000123951,0.000124035,0.000124505,0.000124932,0.00012534,0.000125779,0.000126161,0.000126844,0.000127085,0.000127692,0.000128296,0.000128659,0.000128977,0.000129254,0.000129588,0.000129969,0.000130029,0.000129954,0.00012983,0.000129591,0.00012936,0.000129131,0.000128758,0.000128543,0.000128195,0.000127937,0.000128016,0.000127659,0.00012746,0.000127357,0.000127357,0.000127508,0.000127319,0.000127485,0.000127655,0.000127734,0.000127964,0.000127808,0.000128264,0.000128352,0.000128462,0.000128988,0.000129051,0.000129294,0.00012976,0.000130154,0.000130429,0.00013074,0.000131016,0.000131413,0.000131753,0.000132057,0.000132666,0.000132788,0.00013334,0.000133738,0.000134224,0.000134404,0.00013502,0.000135664,0.000135851,0.000136734,0.000137377,0.000137897,0.000138154,0.000138788,0.000139345,0.000139862,0.000140421,0.000141378,0.000141891,0.000142628,0.000143332,0.000144331,0.000144926,0.000146006,0.000146924,10
3,9.71E-05,0.000135542,0.000135384,0.00013502,0.000134367,0.000133693,0.000132922,0.000132537,0.000132048,0.000131506,0.000131077,0.000130594,0.000130183,0.000129832,0.000129247,0.000128813,0.000128336,0.000127919,0.000127621,0.000127171,0.000126543,0.00012631,0.000125946,0.000125465,0.000125217,0.000124909,0.000124822,0.000124427,0.000124318,0.000124002,0.000123694,0.00012366,0.000123511,0.000123552,0.000123429,0.000123162,0.000123295,0.000123441,0.000123414,0.000123612,0.000123658,0.000123886,0.000124231,0.00012445,0.000124753,0.000124879,0.000125587,0.000126004,0.000126589,0.000126881,0.000127505,0.000127895,0.000128474,0.000129117,0.000129641,0.00013001,0.000130137,0.000130521,0.000130616,0.000130818,0.000130701,0.00013061,0.000130399,0.00013023,0.000129896,0.00012938,0.000129201,0.000129121,0.000128762,0.00012878,0.000128333,0.000128348,0.000128072,0.000128176,0.000128199,0.000127999,0.000128219,0.00012833,0.000128625,0.000128495,0.000128895,0.00012879,0.000129109,0.000129308,0.000129478,0.000129841,0.00013004,0.000130197,0.000130493,0.000131272,0.000131417,0.000131669,0.000132082,0.000132358,0.000132918,0.000133159,0.000133563,0.00013362,0.000133958,0.000134662,0.000135179,0.000135579,0.000136066,0.000136344,0.000136896,0.000137322,0.000138127,0.000138494,0.000139222,0.000139807,0.000140639,0.000141523,0.000142296,0.000142572,0.000143608,0.000144038,0.000144713,0.000145422,0.000146151,0.000147046,10
4,0.000101437,0.00016911,0.000168577,0.000168099,0.000167709,0.000167376,0.000167008,0.000166733,0.000166398,0.000166093,0.000165699,0.000165302,0.000164795,0.000164429,0.000163914,0.000163365,0.000162722,0.00016218,0.000161587,0.000161002,0.000160481,0.000159896,0.000159341,0.00015879,0.000158275,0.000157798,0.000157358,0.000156983,0.000156635,0.000156324,0.000156077,0.000155878,0.00015574,0.000155606,0.000155501,0.000155521,0.000155481,0.000155535,0.000155682,0.00015583,0.000156073,0.000156348,0.000156776,0.000157299,0.000157796,0.00015851,0.000159442,0.000160289,0.000161326,0.000162466,0.00016377,0.000165211,0.00016676,0.000168389,0.000170033,0.000171695,0.000173301,0.00017485,0.000176237,0.000177302,0.000178127,0.000178614,0.000178637,0.000178321,0.000177661,0.000176787,0.000175642,0.000174474,0.000173257,0.000171874,0.000170517,0.000169312,0.000168266,0.000167385,0.000166672,0.000166162,0.000165733,0.000165476,0.00016542,0.000165381,0.000165443,0.000165576,0.000165778,0.000166043,0.000166313,0.000166586,0.000166922,0.000167225,0.000167562,0.000167929,0.000168265,0.000168695,0.000169091,0.000169491,0.000169921,0.000170351,0.000170812,0.000171274,0.000171765,0.000172257,0.000172749,0.000173272,0.000173857,0.000174381,0.000174966,0.000175551,0.000176166,0.00017678,0.000177426,0.000178102,0.000178777,0.000179453,0.000180189,0.000180928,0.000181696,0.000182494,0.000183293,0.000184121,0.00018498,0.0001859,30
5,0.000101592,0.000174065,0.000173614,0.000173063,0.000172669,0.000172349,0.000172039,0.000171581,0.000171179,0.000170781,0.000170482,0.000170023,0.000169551,0.000169126,0.000168613,0.00016803,0.000167409,0.000166833,0.000166237,0.00016568,0.000165096,0.000164543,0.000163989,0.000163406,0.000163011,0.000162501,0.000161975,0.000161595,0.000161246,0.000160847,0.000160593,0.000160394,0.000160194,0.000160058,0.000159954,0.000159881,0.00015984,0.000159893,0.000160008,0.000160125,0.000160366,0.00016061,0.000160947,0.000161469,0.000161995,0.000162646,0.000163395,0.000164271,0.000165277,0.000166415,0.000167659,0.0001691,0.000170649,0.000172279,0.000173989,0.000175652,0.000177386,0.000178909,0.000180305,0.000181407,0.000182209,0.000182703,0.000182763,0.000182479,0.000181914,0.000181042,0.000179926,0.000178663,0.00017723,0.000175875,0.000174604,0.000173363,0.000172312,0.000171365,0.000170523,0.00016998,0.000169546,0.000169286,0.000169075,0.000169063,0.000169156,0.000169256,0.000169426,0.000169661,0.00016996,0.000170231,0.000170535,0.000170869,0.000171206,0.000171544,0.000171912,0.000172279,0.000172678,0.000173077,0.000173506,0.000173937,0.000174366,0.000174827,0.000175318,0.000175779,0.000176302,0.000176824,0.000177347,0.0001779,0.000178484,0.000179067,0.000179683,0.000180299,0.000180914,0.000181561,0.000182237,0.000182974,0.00018368,0.000184416,0.000185183,0.000185951,0.000186718,0.000187578,0.000188436,0.000189325,30
6,0.000101672,0.0001758,0.000175278,0.000174738,0.000174329,0.00017398,0.00017368,0.000173474,0.000173116,0.000172637,0.000172283,0.000171827,0.000171353,0.000170894,0.000170414,0.000169798,0.000169208,0.00016857,0.000167974,0.000167387,0.000166836,0.000166314,0.000165759,0.000165179,0.000164725,0.000164277,0.0001639,0.000163516,0.00016317,0.000162858,0.000162549,0.000162318,0.00016215,0.000162014,0.000161879,0.000161805,0.000161797,0.000161758,0.000161838,0.000162019,0.000162292,0.000162565,0.000162904,0.000163395,0.000163953,0.000164604,0.000165352,0.00016623,0.000167236,0.000168374,0.000169645,0.000171026,0.000172544,0.000174143,0.00017582,0.000177547,0.000179222,0.00018087,0.000182298,0.000183465,0.000184332,0.00018483,0.000184923,0.000184673,0.00018411,0.000183208,0.000182123,0.000180831,0.000179487,0.00017816,0.000176736,0.000175556,0.000174442,0.000173521,0.00017274,0.000172101,0.000171697,0.000171401,0.000171249,0.00017124,0.00017127,0.000171407,0.000171531,0.00017174,0.000171979,0.00017222,0.000172522,0.000172856,0.000173164,0.000173499,0.000173831,0.000174229,0.000174478,0.000174907,0.000175336,0.000175799,0.000176198,0.000176689,0.000177211,0.000177672,0.000178194,0.000178655,0.000179238,0.000179791,0.000180312,0.000180895,0.000181479,0.000182094,0.000182738,0.000183353,0.000184028,0.000184704,0.000185411,0.00018618,0.000186887,0.000187683,0.000188452,0.000189282,0.000190141,0.000191001,30
7,0.000102022,0.000201218,0.000200615,0.000200067,0.000199635,0.00019927,0.000198939,0.000198711,0.000198469,0.000198101,0.00019771,0.000197231,0.000196711,0.000196175,0.000195523,0.000194846,0.000194156,0.000193518,0.000192864,0.000192215,0.000191601,0.000191017,0.000190587,0.000190073,0.000189592,0.000189055,0.000188616,0.000188204,0.000187845,0.000187517,0.000187252,0.000187018,0.000186848,0.000186711,0.000186634,0.00018659,0.000186611,0.000186693,0.000186838,0.000187048,0.000187319,0.00018784,0.00018821,0.000188769,0.000189485,0.000190332,0.000191279,0.000192361,0.000193609,0.000195156,0.000196849,0.000198786,0.000200907,0.000203153,0.000205548,0.000207993,0.000210476,0.000212743,0.000214805,0.000216552,0.000217882,0.000218723,0.000218976,0.000218644,0.000217822,0.000216581,0.000214992,0.000213159,0.000211182,0.000209135,0.000207208,0.000205379,0.000203782,0.000202389,0.000201238,0.000200332,0.000199672,0.000199194,0.000198866,0.000198682,0.000198637,0.000198643,0.000198738,0.000198906,0.000199082,0.00019932,0.000199622,0.000199926,0.000200262,0.000200628,0.000200966,0.000201364,0.000201765,0.000202165,0.000202597,0.000203061,0.000203524,0.000203957,0.00020442,0.000204943,0.000205468,0.000205994,0.000206579,0.000207165,0.000207782,0.000208369,0.000209018,0.000209696,0.000210345,0.000211024,0.000211733,0.000212444,0.000213123,0.000214046,0.000214878,0.000215679,0.00021654,0.000217403,0.000218296,0.000219035,50
8,0.000101848,0.000201675,0.000201079,0.000200556,0.000200078,0.000199767,0.000199434,0.000199154,0.000198954,0.000198571,0.000197996,0.000197524,0.000197024,0.0001964,0.000195762,0.000195037,0.000194484,0.000193701,0.000192989,0.000192491,0.000191697,0.000191202,0.000190655,0.000190142,0.000189573,0.000189133,0.000188783,0.000188394,0.000188095,0.000187798,0.000187595,0.000187393,0.000187285,0.000187118,0.000187134,0.000187123,0.000187173,0.000187288,0.000187405,0.000187646,0.000188011,0.00018841,0.000188935,0.000189496,0.000190276,0.000191156,0.000192201,0.000193383,0.000194796,0.000196384,0.000198185,0.000200197,0.000202305,0.000204658,0.000207096,0.00020955,0.000211976,0.000214173,0.000216189,0.000217761,0.000218786,0.000219349,0.000219294,0.000218776,0.00021771,0.000216293,0.000214563,0.000212625,0.00021061,0.000208592,0.000206697,0.000205028,0.000203471,0.000202213,0.000201139,0.00020037,0.000199815,0.000199443,0.000199188,0.000199074,0.000199097,0.000199164,0.000199271,0.000199473,0.000199711,0.000199951,0.000200255,0.000200561,0.000200928,0.000201235,0.000201634,0.000202036,0.000202437,0.000202839,0.000203273,0.000203705,0.00020417,0.000204604,0.00020507,0.000205566,0.000206122,0.000206679,0.000207235,0.000207823,0.000208377,0.000208994,0.000209612,0.000210292,0.000210909,0.000211557,0.000212266,0.000213035,0.000213713,0.000214574,0.000215374,0.000216206,0.000217068,0.0002179,0.000218764,0.000219717,50
9,0.000101348,0.000202037,0.00020175,0.000201278,0.00020093,0.000200512,0.000200214,0.000199824,0.000199403,0.00019883,0.000198328,0.000197689,0.000196915,0.000196251,0.000195521,0.000194812,0.000194151,0.000193498,0.000192945,0.000192269,0.000191686,0.000191195,0.000190621,0.00019011,0.000189639,0.000189191,0.00018883,0.00018859,0.000188262,0.000187934,0.000187793,0.000187591,0.000187452,0.000187408,0.000187333,0.000187323,0.000187404,0.000187551,0.000187729,0.000188031,0.00018843,0.000188922,0.00018942,0.000190167,0.000190984,0.000191993,0.000193109,0.000194457,0.00019595,0.000197684,0.000199664,0.000201793,0.000204078,0.000206449,0.000208961,0.000211354,0.000213586,0.000215606,0.000217249,0.000218437,0.00021904,0.000219117,0.000218607,0.000217673,0.00021626,0.000214566,0.000212693,0.000210649,0.000208629,0.000206703,0.000204908,0.000203377,0.000202053,0.000201005,0.000200204,0.000199585,0.000199147,0.000198828,0.0001985,0.000198494,0.000198652,0.000198788,0.000198929,0.000199168,0.000199409,0.000199651,0.000199986,0.000200322,0.000200628,0.000200997,0.000201398,0.000201798,0.000202198,0.000202599,0.000203032,0.000203495,0.000203959,0.000204424,0.00020495,0.000205475,0.000206002,0.000206558,0.000207144,0.000207791,0.000208316,0.000208965,0.000209612,0.00021029,0.000210967,0.000211677,0.000212418,0.00021313,0.000213931,0.000214733,0.000215534,0.000216366,0.000217196,0.000218088,0.00021898,0.000219932,50
10,0.000101642,0.000204822,0.000204147,0.000203566,0.000203116,0.000202722,0.000202384,0.000202007,0.000201663,0.00020116,0.000200697,0.000200224,0.000199739,0.000199151,0.00019848,0.000197794,0.000197156,0.000196559,0.000195851,0.000195267,0.000194742,0.000194186,0.000193699,0.000193183,0.000192709,0.0001922,0.000191777,0.00019141,0.000191149,0.000190905,0.000190606,0.000190433,0.000190273,0.000190175,0.000190156,0.000190179,0.000190204,0.000190411,0.000190562,0.000190926,0.000191388,0.00019176,0.000192354,0.000193136,0.000194022,0.000195102,0.000196385,0.000197842,0.000199543,0.00020149,0.000203565,0.000206013,0.000208526,0.000211255,0.000214152,0.00021711,0.000219812,0.000222207,0.000224308,0.000225886,0.000226867,0.000227216,0.000226904,0.00022603,0.000224665,0.000222826,0.000220742,0.000218454,0.000216161,0.000213873,0.00021178,0.000209922,0.000208276,0.000206972,0.000205917,0.000205174,0.000204648,0.000204337,0.000204205,0.000204277,0.000204331,0.00020449,0.000204687,0.000204889,0.000205157,0.000205456,0.00020576,0.000206095,0.000206403,0.000206803,0.000207201,0.000207571,0.000208004,0.000208407,0.000208842,0.000209308,0.00020986,0.000210256,0.000210739,0.0002113,0.000211853,0.000212381,0.000212973,0.000213594,0.000214185,0.000214837,0.000215489,0.000216172,0.000216856,0.000217569,0.000218311,0.000219052,0.000219854,0.000220658,0.00022149,0.000222324,0.000223218,0.000224114,0.00022504,0.000225997,70
11,0.000101185,0.000203771,0.000203494,0.000203086,0.000202626,0.000202169,0.000201732,0.000201264,0.000200724,0.000200245,0.000199803,0.00019922,0.000198601,0.000198004,0.000197368,0.000196773,0.000196156,0.000195603,0.000195081,0.000194503,0.000194015,0.000193506,0.00019305,0.000192625,0.000192261,0.000191898,0.000191597,0.000191329,0.000191094,0.00019089,0.000190749,0.000190641,0.000190595,0.000190583,0.000190633,0.000190748,0.000190925,0.000191166,0.000191499,0.000191931,0.000192397,0.00019311,0.000193907,0.00019485,0.00019597,0.000197292,0.000198791,0.000200503,0.000202462,0.000204672,0.000207038,0.000209618,0.000212349,0.00021509,0.000217861,0.000220429,0.000222781,0.000224745,0.000226154,0.00022703,0.000227306,0.000226984,0.000226073,0.00022468,0.000222904,0.000220856,0.000218637,0.00021638,0.000214188,0.0002121,0.000210246,0.000208663,0.000207356,0.0002063,0.000205492,0.000204963,0.00020465,0.000204452,0.000204398,0.000204452,0.000204547,0.000204712,0.000204913,0.000205181,0.00020548,0.000205844,0.000206178,0.000206513,0.000206852,0.00020725,0.000207652,0.000208023,0.000208425,0.000208828,0.000209273,0.00020972,0.000210157,0.000210655,0.000211152,0.000211679,0.000212205,0.000212763,0.000213321,0.000213941,0.000214528,0.000215178,0.000215829,0.000216478,0.000217158,0.000217869,0.000218611,0.000219383,0.000220156,0.000220959,0.000221763,0.000222628,0.000223455,0.000224354,0.00022528,0.000226235,70
12,0.000101124,0.00020398,0.000203752,0.000203315,0.000202887,0.000202414,0.000201986,0.000201584,0.000201113,0.000200605,0.00020007,0.000199483,0.000198857,0.000198177,0.000197577,0.000196893,0.000196341,0.000195788,0.000195299,0.000194752,0.000194298,0.000193752,0.000193328,0.000192901,0.000192539,0.000192145,0.000191875,0.000191606,0.000191401,0.000191166,0.000190995,0.000190887,0.00019078,0.000190799,0.000190817,0.00019093,0.000191016,0.000191378,0.000191651,0.000192082,0.000192518,0.000193173,0.000193988,0.000194935,0.000195989,0.000197245,0.000198768,0.000200318,0.000202177,0.000204344,0.00020664,0.000209182,0.000211843,0.000214612,0.000217323,0.000219991,0.000222446,0.000224491,0.000226136,0.000227223,0.000227754,0.000227639,0.000226894,0.000225677,0.00022401,0.000222063,0.000219883,0.000217639,0.000215405,0.000213251,0.000211295,0.000209578,0.000208136,0.000206942,0.000205966,0.00020527,0.000204853,0.000204612,0.000204457,0.000204565,0.000204686,0.000204876,0.000205076,0.00020531,0.00020561,0.00020588,0.000206184,0.000206489,0.000206828,0.000207197,0.000207566,0.000207968,0.000208368,0.000208771,0.000209174,0.00020964,0.000210075,0.000210541,0.000211005,0.000211472,0.000211969,0.000212528,0.000213088,0.000213676,0.000214265,0.000214884,0.000215503,0.000216153,0.000216803,0.000217453,0.000218195,0.000218906,0.000219677,0.000220419,0.000221192,0.000222087,0.000222888,0.000223786,0.000224589,0.000225603,70
16,9.07E-05,0.00010754,0.000107296,0.000107001,0.000106674,0.000106349,0.000106017,0.000105708,0.00010545,0.000105197,0.000105031,0.000104662,0.000104454,0.000104158,0.000103822,0.000103361,0.000103052,0.000102657,0.000102326,0.000101937,0.000101549,0.000101249,0.000100829,0.000100564,0.000100213,9.99E-05,9.96E-05,9.94E-05,9.92E-05,9.89E-05,9.89E-05,9.86E-05,9.86E-05,9.85E-05,9.84E-05,9.85E-05,9.85E-05,9.85E-05,9.86E-05,9.88E-05,9.89E-05,9.92E-05,9.95E-05,9.99E-05,0.000100238,0.000100673,0.000101201,0.000101609,0.000102297,0.000102803,0.000103438,0.000103986,0.000104628,0.000105062,0.000105436,0.000105747,0.000106026,0.000106122,0.000106116,0.000106075,0.00010587,0.000105627,0.000105371,0.000104987,0.000104746,0.000104374,0.000104026,0.000103644,0.00010338,0.000103141,0.000102908,0.000102705,0.000102596,0.000102526,0.000102491,0.000102462,0.000102501,0.000102545,0.000102654,0.000102857,0.000102943,0.000103153,0.000103301,0.000103484,0.000103756,0.00010403,0.000104214,0.00010449,0.000104794,0.000105101,0.000105407,0.00010565,0.000106019,0.000106355,0.000106728,0.000107032,0.00010737,0.000107861,0.000108106,0.000108566,0.000108995,0.000109455,0.000109854,0.000110344,0.000110744,0.000111328,0.000111817,0.000112277,0.000112891,0.000113413,0.000113964,0.000114641,0.000115226,0.000115839,0.000116516,0.000117227,0.000117959,0.000118633,0.000119307,0.00012026,10
17,9.13E-05,0.000109059,0.000108822,0.000108605,0.000108369,0.00010811,0.000107848,0.000107303,0.000106986,0.000106793,0.000106356,0.00010608,0.000105815,0.000105639,0.000105155,0.000104814,0.000104476,0.000104112,0.00010372,0.000103362,0.000103065,0.000102704,0.000102346,0.000101961,0.000101581,0.000101414,0.000101013,0.000100759,0.000100561,0.000100395,0.000100321,0.000100128,0.000100085,1.00E-04,9.99E-05,9.99E-05,9.98E-05,9.99E-05,0.000100045,0.000100192,0.000100406,0.00010074,0.000100925,0.000101324,0.000101726,0.000102188,0.000102659,0.00010322,0.000103788,0.000104387,0.000104961,0.000105574,0.000106122,0.000106648,0.000107054,0.000107336,0.000107679,0.000107802,0.000107827,0.000107723,0.000107428,0.000107213,0.000106899,0.000106606,0.000106211,0.00010593,0.000105427,0.000105133,0.000104747,0.00010454,0.000104396,0.000104254,0.000104083,0.000104043,0.000103947,0.00010398,0.000103986,0.000104059,0.000104139,0.000104283,0.000104428,0.000104577,0.000104786,0.000104937,0.00010515,0.000105396,0.000105702,0.000105912,0.00010619,0.000106494,0.000106803,0.000107168,0.000107444,0.00010766,0.000108027,0.000108459,0.000108857,0.000109134,0.000109563,0.000109991,0.000110361,0.00011088,0.000111281,0.000111801,0.000112202,0.000112722,0.000113277,0.000113766,0.000114257,0.000114809,0.000115394,0.000115978,0.000116378,0.000117025,0.0001177,0.000118374,0.000119232,0.000119908,0.000120767,0.000121624,10
18,9.18E-05,0.000110425,0.000110174,0.000109898,0.000109435,0.000109052,0.000108763,0.000108494,0.000108266,0.000107921,0.00010773,0.000107364,0.000107035,0.000106765,0.00010637,0.000106181,0.000105631,0.000105358,0.000105029,0.000104551,0.000104282,0.000103923,0.000103564,0.000103269,0.000102922,0.000102605,0.000102294,0.000102065,0.0001019,0.000101704,0.000101631,0.000101375,0.000101272,0.000101147,0.000101196,0.000101157,0.00010118,0.000101235,0.00010126,0.000101438,0.00010162,0.000101983,0.000102167,0.000102569,0.000103003,0.000103286,0.000103841,0.000104465,0.000104971,0.00010554,0.000106115,0.000106725,0.000107368,0.000107894,0.000108419,0.000108707,0.000108898,0.000109087,0.000109052,0.000108947,0.000108835,0.00010853,0.000108122,0.000107709,0.000107433,0.000107091,0.00010674,0.000106418,0.000106147,0.000105849,0.00010561,0.000105377,0.000105178,0.000105078,0.000105068,0.000105072,0.000105202,0.000105215,0.000105258,0.000105496,0.000105583,0.000105789,0.00010603,0.000106121,0.000106333,0.000106641,0.000106827,0.000107158,0.000107497,0.000107677,0.000107987,0.000108412,0.000108627,0.000108967,0.000109301,0.000109638,0.000109979,0.000110345,0.000110716,0.000111146,0.000111635,0.000111974,0.000112467,0.000112926,0.000113415,0.000113876,0.000114367,0.000114889,0.000115473,0.000116024,0.000116576,0.000117189,0.000117804,0.000118419,0.000119095,0.00011983,0.000120414,0.00012118,0.000122039,0.000122806,10
19,0.000101257,0.000162477,0.00016211,0.00016174,0.000161404,0.000161104,0.000160754,0.000160522,0.000160225,0.000159979,0.000159544,0.000158797,0.00015849,0.000158064,0.000157318,0.000156865,0.000156326,0.000155671,0.000155243,0.000154592,0.000154294,0.000153769,0.000153193,0.000152765,0.000152195,0.00015196,0.000151339,0.000151111,0.000150854,0.00015047,0.000150301,0.000150012,0.000149906,0.00014971,0.000149873,0.000149713,0.000149848,0.000149905,0.000150053,0.000150536,0.000150777,0.000151241,0.00015182,0.000152602,0.000153379,0.000154315,0.000155447,0.000156739,0.00015777,0.000159547,0.000161377,0.000163164,0.000164875,0.000166638,0.000168441,0.000170026,0.000171579,0.00017237,0.00017332,0.000173652,0.000173276,0.000172764,0.00017173,0.000170389,0.000169211,0.000167933,0.000166064,0.000164892,0.000163405,0.000162195,0.000161051,0.000160172,0.000159451,0.000158446,0.000158172,0.000158095,0.000157793,0.000157811,0.000157902,0.00015785,0.000158359,0.000158406,0.000158521,0.000158853,0.000159006,0.000159487,0.000160196,0.000160374,0.000160532,0.000161053,0.00016142,0.000162156,0.000162737,0.000163077,0.000163388,0.000164002,0.000164375,0.00016499,0.000165485,0.000166313,0.000166898,0.000167697,0.000168496,0.000168957,0.000169602,0.000170341,0.000171203,0.000171663,0.000172802,0.000173415,0.000174339,0.000174951,0.000176003,0.000176645,0.00017778,0.000178761,0.000179591,0.000180604,0.000181464,0.000182565,30
20,0.000101419,0.000167894,0.000167502,0.000167067,0.000166671,0.000166305,0.000165954,0.000165603,0.000165223,0.000164732,0.000164261,0.000163764,0.000163214,0.000162785,0.000162245,0.000161427,0.000160976,0.000160323,0.00015995,0.00015919,0.000158818,0.000158267,0.000157691,0.000157325,0.000156872,0.000156519,0.000156021,0.000155879,0.00015559,0.0001553,0.000155041,0.000154957,0.00015476,0.000154628,0.000154643,0.000154569,0.000154648,0.000154856,0.000155004,0.000155364,0.000155763,0.000156194,0.000156627,0.00015731,0.000158242,0.000159154,0.000160164,0.000161459,0.000163099,0.000164643,0.00016642,0.000168094,0.000169908,0.000171836,0.00017355,0.000175479,0.000176574,0.000177643,0.000178309,0.000178389,0.000178151,0.000177387,0.000176342,0.00017511,0.000173576,0.000172235,0.00017054,0.000169176,0.000167655,0.000166562,0.000165204,0.000164352,0.000163761,0.000163071,0.000162766,0.00016245,0.00016246,0.00016257,0.000162516,0.000162707,0.000162789,0.000162814,0.00016308,0.000163294,0.000163806,0.000163876,0.000164417,0.000164996,0.000165005,0.000165553,0.000166192,0.000166684,0.000167453,0.000167824,0.000168286,0.000168718,0.000169273,0.000169857,0.000170446,0.000171058,0.000171734,0.000172289,0.000172787,0.000173457,0.000174229,0.000174938,0.000175616,0.000176324,0.000177304,0.000178016,0.000178786,0.000179616,0.000180362,0.000181254,0.000182228,0.000183032,0.00018404,0.000185264,0.00018598,0.000187263,30
21,0.000101417,0.000171768,0.00017131,0.000170914,0.000170469,0.000170086,0.000169668,0.000169286,0.00016891,0.000168509,0.000168003,0.00016735,0.000166895,0.000166248,0.00016586,0.00016534,0.000164652,0.000164124,0.00016369,0.000163107,0.00016241,0.000161977,0.000161548,0.000161065,0.000160612,0.000160198,0.000159782,0.000159521,0.000159174,0.000158701,0.00015853,0.000158392,0.000158433,0.00015833,0.000158229,0.000158217,0.000158328,0.000158527,0.000158674,0.000159005,0.000159406,0.000159746,0.000160264,0.000161139,0.000161979,0.000163079,0.000164173,0.00016559,0.000166968,0.000168638,0.000170261,0.000172126,0.00017413,0.000175939,0.000177659,0.000179347,0.000180686,0.000181473,0.000181989,0.000182242,0.000181939,0.000181288,0.000180056,0.000178697,0.000177097,0.000175714,0.000174077,0.000172523,0.000171029,0.000169939,0.000168824,0.000167668,0.000167052,0.000166518,0.000165788,0.000165777,0.000165852,0.000165783,0.000165849,0.000165801,0.000166123,0.000166449,0.000166661,0.000166928,0.000167416,0.000167723,0.000167877,0.000168241,0.000168641,0.000168979,0.000169532,0.000169932,0.000170363,0.000170888,0.00017144,0.000171933,0.000172455,0.000173196,0.00017354,0.000174245,0.000174743,0.000175391,0.000176029,0.000176775,0.000177668,0.000178193,0.000178932,0.00017955,0.000180132,0.000181146,0.000182068,0.000182563,0.000183816,0.000184741,0.000185389,0.000186497,0.000187329,0.000188313,0.000189356,0.000190219,30
22,0.000102457,0.000218838,0.000218241,0.000217713,0.000217214,0.000216793,0.000216434,0.000216089,0.000215727,0.000215311,0.000214778,0.000214179,0.000213564,0.000212931,0.00021224,0.000211549,0.000210872,0.000210151,0.000209499,0.000208912,0.000208295,0.000207829,0.000207307,0.000206814,0.000206272,0.000205913,0.000205431,0.000205015,0.0002045,0.000204141,0.000203905,0.000203882,0.00020377,0.00020375,0.000203367,0.000203655,0.000203431,0.000203664,0.000203715,0.000204044,0.000204587,0.000204778,0.000205357,0.000206045,0.000206857,0.000208018,0.000208924,0.000210242,0.000211776,0.000213458,0.00021554,0.000217839,0.000220251,0.000222675,0.000225302,0.000228023,0.000230249,0.000232182,0.000233696,0.000234779,0.00023511,0.00023494,0.000234179,0.000232866,0.000231122,0.000229086,0.000226762,0.000224726,0.000222509,0.000220327,0.000218658,0.000217221,0.000215696,0.000214689,0.000213904,0.000213451,0.000212658,0.000212568,0.000212522,0.000212516,0.000212617,0.000212872,0.000213257,0.000213307,0.000213429,0.00021422,0.000214524,0.000214862,0.000215258,0.000215724,0.000216088,0.000216682,0.000217105,0.000217721,0.000218096,0.000218714,0.000219305,0.000219801,0.000220509,0.000221036,0.000221808,0.000222427,0.000223138,0.0002237,0.000224501,0.000225123,0.000225923,0.000226696,0.000227527,0.000228181,0.000229128,0.000229879,0.00023086,0.000231725,0.000232527,0.00023351,0.000234436,0.000235422,0.000236374,0.000237391,50
23,1.33E-05,0.00010062,0.000218355,0.000217797,0.000217217,0.000216702,0.000216222,0.000215712,0.000215242,0.000214901,0.000214273,0.000213498,0.000212973,0.000211824,0.000211047,0.000210425,0.000209549,0.000208865,0.000208096,0.000207481,0.000206833,0.000206006,0.000205394,0.000204784,0.000204094,0.000203525,0.000202928,0.000202571,0.000202031,0.000201884,0.000201132,0.000200957,0.000200664,0.000200406,0.00020045,0.000200194,0.000200455,0.000200513,0.00020032,0.000200624,0.000201081,0.000201396,0.000202074,0.0002027,0.000203589,0.000204666,0.000205979,0.000207345,0.000209081,0.000211035,0.000213332,0.000216033,0.000218919,0.000221406,0.00022423,0.000226851,0.000229192,0.000231115,0.00023247,0.000232924,0.000233026,0.00023255,0.000231258,0.000229796,0.000227737,0.000225659,0.000223418,0.000221321,0.000219144,0.000217343,0.000215721,0.00021425,0.000213295,0.000212587,0.000211918,0.00021161,0.000211385,0.000211427,0.000211421,0.000211461,0.000211805,0.000211949,0.000212366,0.000212671,0.000213005,0.000213224,0.00021392,0.000214205,0.000214729,0.00021507,0.000215624,0.000216284,0.000216839,0.00021743,0.000217949,0.000218598,0.000219251,0.000219935,0.000220619,0.000221357,0.000222098,0.000222745,0.000223636,0.000224136,0.000225124,0.000225959,0.000226705,0.000227537,0.000228365,0.000229318,0.000230313,0.000231148,0.00023211,0.000233096,0.000233954,0.00023506,0.000235988,0.000237301,0.000237955,0.000239035,50
24,0.000101833,0.00022062,0.000220124,0.000219538,0.000218991,0.000218481,0.000218021,0.000217587,0.000217081,0.000216535,0.000215929,0.00021524,0.000214573,0.000213923,0.000213206,0.000212499,0.000211839,0.000211217,0.00021063,0.000210042,0.000209486,0.000208899,0.000208317,0.000207863,0.000207319,0.000206901,0.000206479,0.000206298,0.000206054,0.000205661,0.00020536,0.000204976,0.000204706,0.000204992,0.000204973,0.00020481,0.000205011,0.000204997,0.00020508,0.000205415,0.000205932,0.000205966,0.000206708,0.000207274,0.000208311,0.000209242,0.000210557,0.000212143,0.000213666,0.000215558,0.000217701,0.000220345,0.000222778,0.000225462,0.000228253,0.000230452,0.000232676,0.00023452,0.000235505,0.000236196,0.000236207,0.000235526,0.000234357,0.000232589,0.000230684,0.000228304,0.000226243,0.00022394,0.000221573,0.000219765,0.000217928,0.00021666,0.000215486,0.00021447,0.000213852,0.000213171,0.000213034,0.000212768,0.000212852,0.000212767,0.000213026,0.000212945,0.000213278,0.000213482,0.000214209,0.000214306,0.000214794,0.000215071,0.000215449,0.000215935,0.000216249,0.000216952,0.000217426,0.000217611,0.000218444,0.000218855,0.000219592,0.000220029,0.000220682,0.000221455,0.000221975,0.000222774,0.000223191,0.000223685,0.000224663,0.000225291,0.000225909,0.000226812,0.000227612,0.000228232,0.000229274,0.000229805,0.000230822,0.000231715,0.000232581,0.000233437,0.000234402,0.000235446,0.000236342,0.00023736,50
25,0.00010235,0.000227442,0.00022685,0.000226165,0.000225744,0.000225307,0.000224873,0.000224357,0.000223859,0.00022333,0.000223057,0.000222444,0.000221772,0.000221089,0.00022037,0.000219679,0.000218937,0.00021833,0.000217766,0.000217089,0.000216499,0.000216002,0.000215444,0.000214922,0.00021438,0.000213869,0.000213388,0.00021297,0.000212645,0.000212319,0.00021193,0.000211726,0.000211492,0.000211382,0.000211304,0.00021123,0.000211216,0.000211268,0.000211412,0.000211589,0.000211861,0.000212199,0.000212629,0.000213221,0.000213975,0.000214799,0.000215822,0.000217018,0.000218421,0.00022007,0.000221941,0.000224125,0.000226565,0.000229195,0.000231948,0.00023484,0.00023764,0.000240362,0.000242833,0.000244879,0.000246394,0.000247245,0.000247397,0.00024694,0.000245799,0.000244169,0.000242096,0.00023972,0.000237207,0.000234629,0.000232116,0.000229802,0.000227697,0.000225832,0.000224307,0.000223035,0.000222073,0.000221359,0.000220827,0.000220508,0.000220299,0.000219984,0.000220287,0.000220387,0.000220498,0.000220709,0.000220951,0.000221227,0.000221536,0.000221846,0.000222217,0.000222622,0.000223026,0.000223462,0.000223928,0.000224425,0.000224922,0.000225421,0.000225979,0.000226538,0.000227128,0.000227717,0.00022834,0.000228962,0.000229615,0.000230328,0.00023104,0.000231784,0.000232497,0.000233239,0.000234043,0.000234845,0.000235681,0.000236548,0.00023744,0.000238307,0.000239234,0.000240193,0.000241149,0.000242136,70
26,0.00010249,0.000228117,0.000227372,0.000226784,0.000226321,0.000225914,0.000225511,0.000225087,0.000224681,0.000224304,0.000223606,0.00022317,0.000222493,0.000221876,0.000221164,0.000220439,0.000219697,0.000219033,0.000218406,0.000217787,0.000217257,0.00021667,0.000216172,0.000215587,0.000214951,0.000214471,0.000213989,0.000213602,0.000213243,0.000212887,0.000212618,0.000212322,0.000212118,0.000212007,0.000211868,0.000211823,0.000211808,0.000211859,0.000211973,0.00021218,0.000212451,0.000212818,0.000213281,0.000213871,0.000214591,0.000215445,0.000216437,0.000217631,0.000219033,0.000220678,0.000222517,0.000224638,0.000227014,0.00022958,0.00023236,0.00023522,0.000238079,0.000240802,0.000243245,0.000245295,0.000246813,0.000247699,0.000247884,0.000247434,0.000246326,0.000244727,0.000242686,0.00024037,0.000237825,0.000235247,0.000232734,0.000230388,0.00022828,0.000226414,0.000224856,0.000223613,0.00022262,0.000221876,0.000221283,0.000220993,0.000220785,0.000220685,0.000220686,0.00022079,0.00022093,0.000221136,0.000221375,0.00022168,0.000221986,0.000222324,0.000222693,0.000223063,0.000223496,0.00022393,0.000224396,0.00022486,0.000225387,0.000225915,0.000226441,0.000227001,0.000227592,0.000228183,0.000228803,0.000229425,0.000230075,0.000230787,0.00023147,0.000232212,0.000232955,0.000233699,0.000234505,0.000235308,0.000236115,0.00023698,0.000237845,0.00023874,0.000239639,0.000240596,0.000241554,0.00024254,70
27,0.000102478,0.000228481,0.000227902,0.000227312,0.000226777,0.000226335,0.000225869,0.000225444,0.000225034,0.000224618,0.000224123,0.000223566,0.000222923,0.000222295,0.000221492,0.000220736,0.000220211,0.000219517,0.000218894,0.000218276,0.000217685,0.000216942,0.000216536,0.000215984,0.00021544,0.000214957,0.000214476,0.000214086,0.000213728,0.000213403,0.000213101,0.000212865,0.000212659,0.000212518,0.000212439,0.000212362,0.00021238,0.000212459,0.000212634,0.000212842,0.000213143,0.000213572,0.000214066,0.00021472,0.000215475,0.000216394,0.000217482,0.000218746,0.000220221,0.000221945,0.00022392,0.000226242,0.000228636,0.000231307,0.000234099,0.000237024,0.000239821,0.000242381,0.000244709,0.000246547,0.000247788,0.00024842,0.000248321,0.000247589,0.000246142,0.000244305,0.000242035,0.000239494,0.000237035,0.000234455,0.000231978,0.000229671,0.000227664,0.000225936,0.000224489,0.000223383,0.000222496,0.000221857,0.000221401,0.00022115,0.00022098,0.000221009,0.000221045,0.000221153,0.000221327,0.000221534,0.000221837,0.000222111,0.000222447,0.000222785,0.000223186,0.000223587,0.000223992,0.000224455,0.00022492,0.000225417,0.000225914,0.000226443,0.000226971,0.000227531,0.00022809,0.000228712,0.000229302,0.000229923,0.000230605,0.000231286,0.000231998,0.000232711,0.000233454,0.000234227,0.000235002,0.000235807,0.000236612,0.000237478,0.000238344,0.000239241,0.000240137,0.000241094,0.000242049,0.000243036,70
31,8.67E-05,9.86E-05,9.84E-05,9.81E-05,9.79E-05,9.79E-05,9.75E-05,9.72E-05,9.72E-05,9.68E-05,9.62E-05,9.59E-05,9.56E-05,9.52E-05,9.50E-05,9.47E-05,9.45E-05,9.41E-05,9.37E-05,9.34E-05,9.32E-05,9.31E-05,9.28E-05,9.26E-05,9.25E-05,9.23E-05,9.22E-05,9.20E-05,9.20E-05,9.20E-05,9.20E-05,9.20E-05,9.20E-05,9.22E-05,9.24E-05,9.26E-05,9.29E-05,9.31E-05,9.34E-05,9.39E-05,9.43E-05,9.48E-05,9.54E-05,9.58E-05,9.63E-05,9.69E-05,9.74E-05,9.79E-05,9.83E-05,9.87E-05,9.90E-05,9.92E-05,9.93E-05,9.94E-05,9.94E-05,9.93E-05,9.90E-05,9.88E-05,9.84E-05,9.82E-05,9.79E-05,9.76E-05,9.72E-05,9.70E-05,9.67E-05,9.64E-05,9.62E-05,9.61E-05,9.60E-05,9.59E-05,9.59E-05,9.59E-05,9.60E-05,9.61E-05,9.62E-05,9.63E-05,9.65E-05,9.67E-05,9.69E-05,9.71E-05,9.73E-05,9.76E-05,9.78E-05,9.80E-05,9.83E-05,9.86E-05,9.89E-05,9.92E-05,9.95E-05,9.97E-05,0.000100151,0.000100613,0.000100917,0.000101165,0.000101557,0.000101959,0.000102385,0.000102758,0.000103218,0.000103706,0.000104287,0.000104654,0.000105173,0.000105725,0.000106219,0.000106858,0.000107381,0.000107997,0.000108606,0.00010922,0.00010989,0.000110599,0.000111335,0.000111977,0.000112745,0.000113533,0.000114388,0.000115128,0.000116013,0.000116935,10
32,8.88E-05,0.00010401,0.000103767,0.000103468,0.000103354,0.000102923,0.000102776,0.00010242,0.000102213,0.000101863,0.000101544,0.000101206,0.000100548,0.000100406,0.000100017,9.96E-05,9.95E-05,9.91E-05,9.88E-05,9.85E-05,9.82E-05,9.80E-05,9.77E-05,9.76E-05,9.73E-05,9.72E-05,9.71E-05,9.70E-05,9.68E-05,9.70E-05,9.68E-05,9.69E-05,9.72E-05,9.72E-05,9.72E-05,9.74E-05,9.77E-05,9.81E-05,9.84E-05,9.89E-05,9.94E-05,9.99E-05,0.000100343,0.000100929,0.000101401,0.000101979,0.000102569,0.000103058,0.000103453,0.000103884,0.000104163,0.000104416,0.000104414,0.000104408,0.000104366,0.000104324,0.000103926,0.000103647,0.000103293,0.000102992,0.000102589,0.000102273,0.000101883,0.000101582,0.000101368,0.000101097,0.000100851,0.000100683,0.000100636,0.000100534,0.000100506,0.000100545,0.000100586,0.000100727,0.000100902,0.000100988,0.000101197,0.000101346,0.000101552,0.000101827,0.000102071,0.000102347,0.000102622,0.000102836,0.000103169,0.00010347,0.00010381,0.000104084,0.000104512,0.000104793,0.000105214,0.000105553,0.000105883,0.000106317,0.000106742,0.000107076,0.000107451,0.000108035,0.000108424,0.000108885,0.000109406,0.000109926,0.000110412,0.000111023,0.000111547,0.000112101,0.000112679,0.000113362,0.000113943,0.000114669,0.000115316,0.000116083,0.000116665,0.000117399,0.000118225,0.000119053,0.000119846,0.000120736,0.000121654,0.000122543,10
33,8.94E-05,0.000105174,0.000105054,0.000104631,0.000104189,0.000104015,0.000103782,0.000103438,0.000103122,0.000102729,0.000102567,0.000102232,0.000102023,0.000101629,0.000101254,0.000100959,0.000100305,0.00010021,9.99E-05,9.99E-05,9.94E-05,9.93E-05,9.90E-05,9.89E-05,9.88E-05,9.86E-05,9.84E-05,9.84E-05,9.82E-05,9.81E-05,9.82E-05,9.81E-05,9.85E-05,9.87E-05,9.88E-05,9.88E-05,9.91E-05,9.94E-05,1.00E-04,0.00010034,0.000100703,0.000101213,0.000101928,0.000102455,0.000102955,0.000103586,0.000104031,0.000104701,0.000105073,0.000105467,0.000105632,0.000105823,0.000105907,0.00010603,0.00010587,0.000105694,0.000105339,0.000105025,0.000104712,0.000104377,0.000104127,0.000103685,0.000103328,0.000103051,0.000102695,0.000102446,0.00010218,0.000102006,0.000101832,0.000101769,0.000101733,0.000101773,0.000101842,0.000101947,0.000102096,0.000102234,0.000102449,0.000102599,0.000102777,0.00010305,0.000103234,0.000103624,0.0001039,0.000104147,0.000104329,0.000104667,0.000104969,0.000105277,0.000105609,0.000105975,0.000106342,0.000106807,0.000107137,0.000107508,0.000107902,0.00010833,0.000108729,0.000109252,0.000109644,0.000110199,0.000110689,0.00011124,0.000111702,0.00011222,0.00011268,0.000113231,0.000113781,0.000114453,0.000115065,0.000115708,0.000116416,0.000117085,0.00011769,0.000118402,0.000119233,0.000120017,0.000120759,0.000121647,0.000122499,0.000123416,10
34,9.90E-05,0.000147397,0.000146785,0.000146371,0.000145829,0.000145421,0.000144854,0.000144363,0.000143953,0.000143432,0.000143048,0.000142474,0.000142258,0.000141685,0.000141057,0.00014074,0.000140332,0.000139857,0.000139403,0.000139161,0.000138825,0.000138534,0.000138117,0.000137924,0.00013787,0.000137419,0.000137399,0.000137362,0.000137443,0.000137498,0.000137409,0.000137769,0.000137775,0.000138184,0.000138371,0.000138858,0.000139297,0.000139983,0.000140681,0.00014167,0.000142517,0.000143786,0.000145092,0.000146552,0.000148065,0.000149622,0.00015131,0.000153,0.000154693,0.000156256,0.000157772,0.000159089,0.000160149,0.000160898,0.000161317,0.00016119,0.000161039,0.000160217,0.000159353,0.00015814,0.000156855,0.000155453,0.00015384,0.000152529,0.000151078,0.000149963,0.000148673,0.000147694,0.000146909,0.000146546,0.00014596,0.000145523,0.000145349,0.000145331,0.000145152,0.000145286,0.000145339,0.000145543,0.00014584,0.00014599,0.000146387,0.000146536,0.000146992,0.000147203,0.000147722,0.000148059,0.000148519,0.000148796,0.000149379,0.000149927,0.000150388,0.000150773,0.000151407,0.000151987,0.000152545,0.000153158,0.000153652,0.000154202,0.000154967,0.000155612,0.000156289,0.000156934,0.00015764,0.000158346,0.000159081,0.000159845,0.000160679,0.000161442,0.00016246,0.000163264,0.00016408,0.000164945,0.000165992,0.000166901,0.00016792,0.000168924,0.000170092,0.000171218,0.000171891,0.000173095,30
35,9.96E-05,0.000152675,0.000152187,0.000151802,0.00015111,0.000150607,0.000150032,0.000149503,0.00014891,0.000148425,0.000147751,0.000147369,0.000147071,0.00014675,0.000146265,0.00014575,0.000145276,0.000144964,0.000144499,0.000144266,0.000143622,0.000143421,0.00014308,0.000142785,0.000142467,0.000142215,0.000142332,0.000142108,0.000141795,0.000142017,0.000142068,0.000142029,0.000142448,0.000142622,0.000142868,0.000143381,0.000143798,0.000144443,0.000145107,0.00014609,0.000146967,0.000148062,0.000149239,0.000150762,0.000152268,0.000153861,0.000155553,0.000157083,0.000159001,0.000160833,0.000162533,0.00016362,0.000165076,0.000165843,0.00016591,0.000166451,0.000166097,0.000165309,0.000164451,0.000163057,0.000161977,0.000160279,0.000158689,0.000157168,0.000155853,0.000154345,0.0001534,0.000152219,0.000151456,0.000150755,0.000150075,0.000149962,0.00014963,0.000149339,0.000149371,0.000149588,0.000149641,0.000149718,0.000150025,0.00015019,0.000150438,0.000150734,0.000151088,0.000151447,0.00015178,0.000152147,0.000152613,0.000153248,0.000153712,0.000154051,0.000154546,0.000155063,0.000155516,0.000155865,0.000156604,0.000157246,0.000157707,0.000158293,0.000158876,0.000159735,0.00016035,0.000160938,0.000161765,0.000162406,0.000163237,0.000164003,0.000164801,0.000165508,0.000166458,0.000167351,0.000168084,0.000168884,0.000169743,0.000170662,0.000171801,0.000172779,0.000173843,0.000174825,0.000175898,0.000177043,30
36,9.99E-05,0.000156092,0.000155384,0.000154723,0.000154391,0.0001538,0.000153286,0.000152481,0.000151902,0.000151451,0.000150988,0.000150444,0.000149978,0.00014942,0.000149031,0.000148804,0.000148394,0.00014788,0.000147361,0.000146985,0.000146609,0.000146215,0.000145912,0.000145436,0.000145331,0.000145315,0.000145072,0.000144983,0.000145073,0.000144793,0.000144886,0.00014508,0.000144795,0.000145455,0.000145555,0.000146048,0.000146468,0.000147119,0.000147853,0.000148655,0.000149766,0.000150531,0.000151862,0.000153174,0.000154875,0.000156266,0.000157964,0.000159897,0.000161705,0.000163441,0.000165076,0.000166595,0.000167737,0.000168863,0.000169359,0.000169467,0.000169286,0.000168748,0.0001678,0.000166645,0.000165295,0.000163803,0.000162101,0.00016057,0.000159351,0.000157932,0.000156681,0.000155428,0.000154613,0.000153902,0.000153287,0.000152869,0.000152751,0.000152489,0.0001524,0.000152558,0.000152879,0.000152962,0.000153224,0.000153498,0.000153802,0.000154072,0.000154285,0.000154747,0.000155142,0.000155535,0.00015588,0.000156311,0.000156736,0.000157135,0.000157597,0.000158147,0.000158642,0.000159194,0.000159809,0.000160306,0.00016086,0.000161537,0.000162156,0.00016287,0.000163324,0.000164033,0.000164716,0.000165378,0.000166007,0.000166717,0.00016756,0.000168329,0.000169032,0.000169959,0.000170877,0.000171672,0.000172687,0.00017351,0.000174492,0.000175361,0.000176438,0.000177527,0.000178543,0.000179676,30
37,0.000101096,0.00020225,0.000201844,0.000201288,0.000200775,0.000200007,0.000199114,0.000198416,0.000197844,0.000197121,0.000196461,0.000195734,0.000194948,0.000194429,0.000193845,0.0001931,0.000192608,0.000192165,0.0001914,0.000190962,0.000190362,0.000189995,0.000189555,0.000189442,0.000188822,0.000188734,0.000188375,0.0001883,0.000187963,0.000188103,0.000187964,0.000187878,0.000188348,0.00018834,0.000188542,0.000188938,0.000189515,0.000189864,0.000190303,0.000191344,0.000191975,0.000193123,0.000194481,0.000196014,0.000197684,0.000199557,0.000201688,0.000204104,0.000206504,0.00020924,0.000211888,0.000214521,0.000216953,0.000219279,0.000220946,0.000222357,0.000223101,0.000223324,0.000222698,0.000221724,0.00022024,0.00021843,0.000216406,0.000213871,0.000211184,0.000208445,0.000206247,0.000204045,0.000202423,0.000201096,0.00019984,0.000198982,0.000198315,0.000197947,0.000197787,0.000197712,0.000197248,0.000197531,0.000197699,0.000198084,0.000198386,0.000198656,0.000198926,0.000199229,0.000199384,0.000199842,0.000200607,0.000200977,0.000201346,0.000201992,0.000202756,0.000203126,0.000203622,0.000204209,0.000204734,0.000205385,0.00020603,0.000206649,0.000207326,0.000208003,0.000208498,0.00020927,0.000209982,0.00021075,0.000211612,0.00021195,0.000212784,0.000213676,0.000214415,0.000215398,0.000216563,0.000217455,0.000218623,0.000219605,0.000220493,0.00022163,0.000222768,0.000223813,0.000225098,0.000226171,50
38,0.000101231,0.00020695,0.000206532,0.000206026,0.000205475,0.000204921,0.000204308,0.000203664,0.000202902,0.000202196,0.000201529,0.000200922,0.00020019,0.000199404,0.000198655,0.000197912,0.000197295,0.00019686,0.000196275,0.000195604,0.000195109,0.000194714,0.000194318,0.000193684,0.000193416,0.000193144,0.000192755,0.000192434,0.000192504,0.000192362,0.000192229,0.000192461,0.000192576,0.000192507,0.00019281,0.000193208,0.000193811,0.000194154,0.000194919,0.000195518,0.000196815,0.000197844,0.00019901,0.000200701,0.000202343,0.000204191,0.000206162,0.000208716,0.000211181,0.000213599,0.00021636,0.00021915,0.000221449,0.000224006,0.000225369,0.000227056,0.000227866,0.000227921,0.000227361,0.000226355,0.000225001,0.000223006,0.000220905,0.000218501,0.000215915,0.000213542,0.000211453,0.000209342,0.000207466,0.000205961,0.000204734,0.000203937,0.000203453,0.000202905,0.000202625,0.000202581,0.000202518,0.000202649,0.000202819,0.000203023,0.000203228,0.000203558,0.000203864,0.000204197,0.000204564,0.000204931,0.000205359,0.000205668,0.000206159,0.000206621,0.000207145,0.000207639,0.000208132,0.000208719,0.000209275,0.0002098,0.000210388,0.000211005,0.000211685,0.0002123,0.000212888,0.000213627,0.000214335,0.000215015,0.000215755,0.000216524,0.000217323,0.000218184,0.000218985,0.000219846,0.000220707,0.0002216,0.000222552,0.000223473,0.000224488,0.000225502,0.000226547,0.000227591,0.000228695,0.000229799,50
39,0.0001013,0.000208026,0.000207604,0.000207093,0.000206537,0.000205887,0.000205178,0.000204504,0.000203842,0.000203128,0.000202463,0.000201762,0.000201093,0.000200393,0.000199734,0.000198866,0.000198092,0.000197506,0.000197037,0.000196429,0.000195602,0.000195145,0.000194722,0.000194358,0.000194264,0.000193798,0.000193763,0.000193549,0.000193474,0.000193388,0.000193322,0.000193491,0.000193498,0.000193626,0.00019393,0.000194196,0.000194746,0.00019518,0.000195892,0.00019684,0.000197592,0.000198821,0.000200097,0.000201661,0.000203227,0.000205176,0.000207236,0.000209538,0.000212075,0.000214684,0.000217216,0.000219944,0.000222517,0.000224711,0.000226604,0.000228084,0.000229013,0.000229359,0.000229002,0.000228239,0.00022678,0.000224839,0.000222492,0.000220239,0.000217694,0.000215317,0.000213003,0.000210864,0.000209074,0.000207593,0.00020633,0.000205376,0.00020467,0.000204151,0.000203805,0.000203695,0.000203725,0.000203702,0.000203838,0.000204072,0.000204218,0.000204457,0.000204728,0.000205093,0.000205396,0.000205734,0.000206133,0.000206531,0.000206995,0.000207455,0.000207947,0.000208442,0.000208934,0.000209429,0.000209983,0.00021057,0.000211156,0.000211772,0.000212391,0.000212976,0.000213656,0.000214333,0.000215073,0.000215753,0.000216493,0.000217295,0.000218067,0.000218867,0.00021964,0.000220472,0.000221275,0.00022223,0.000223121,0.000224074,0.000225055,0.00022604,0.000227022,0.000228067,0.000229171,0.000230276,50
40,0.000101936,0.000220809,0.000220236,0.000219594,0.000218999,0.000218258,0.00021774,0.000216791,0.000216149,0.00021555,0.000214879,0.000214244,0.000213571,0.000213011,0.000212308,0.000211769,0.000211112,0.000210639,0.000210019,0.000209455,0.000208838,0.000208374,0.000207975,0.000207552,0.00020716,0.000206954,0.000206593,0.000206476,0.000206334,0.000206253,0.000206205,0.000206218,0.000206328,0.00020647,0.000206705,0.000207096,0.00020749,0.000208041,0.000208686,0.000209522,0.000210486,0.000211582,0.000212841,0.000214395,0.000216182,0.000218178,0.000220426,0.000222892,0.000225676,0.000228649,0.000231688,0.000234809,0.000237907,0.000240776,0.000243276,0.000245321,0.000246749,0.000247452,0.000247429,0.000246712,0.000245248,0.000243201,0.000240675,0.00023784,0.000234891,0.000231867,0.000228969,0.000226236,0.000223895,0.000221799,0.000220081,0.000218711,0.000217656,0.000216856,0.000216269,0.000215866,0.000215663,0.000215598,0.000215605,0.000215682,0.000215826,0.000216032,0.000216273,0.000216577,0.000216913,0.000217222,0.000217591,0.000218022,0.000218426,0.00021889,0.000219385,0.000219852,0.000220379,0.000220907,0.000221466,0.000222054,0.000222613,0.000223235,0.000223855,0.000224538,0.000225186,0.000225868,0.000226581,0.000227293,0.000228036,0.000228839,0.000229673,0.000230478,0.000231339,0.000232172,0.000233035,0.00023399,0.000234917,0.000235903,0.000236888,0.000237874,0.000238919,0.000239998,0.000241103,0.000242212,70
41,0.00010177,0.000221286,0.000220876,0.000220345,0.000219771,0.000219181,0.000218508,0.00021776,0.000217047,0.000216296,0.000215531,0.000214917,0.000214267,0.000213594,0.000212896,0.00021236,0.000211796,0.000211234,0.000210675,0.000210116,0.000209623,0.000209162,0.000208708,0.000208312,0.000208042,0.00020777,0.000207563,0.000207387,0.000207337,0.000207318,0.000207271,0.000207318,0.000207461,0.000207604,0.000207964,0.000208357,0.000208846,0.00020946,0.000210202,0.000211042,0.000212194,0.000213514,0.000215,0.000216748,0.000218615,0.000220759,0.00022315,0.000225768,0.000228638,0.0002317,0.000234785,0.000237884,0.000240853,0.00024349,0.000245712,0.000247351,0.000248332,0.000248588,0.000248116,0.000246925,0.000245086,0.000242733,0.000240012,0.000237089,0.00023404,0.000231079,0.000228279,0.000225711,0.000223479,0.000221588,0.000220013,0.000218819,0.000217878,0.000217247,0.00021677,0.00021647,0.000216367,0.000216341,0.000216383,0.000216526,0.0002167,0.00021694,0.000217152,0.000217487,0.000217793,0.000218134,0.000218505,0.000218908,0.000219342,0.000219775,0.000220239,0.000220768,0.000221264,0.000221792,0.000222351,0.000222909,0.000223467,0.000224058,0.000224707,0.000225358,0.000226007,0.000226689,0.000227401,0.000228112,0.000228853,0.000229625,0.000230427,0.00023123,0.000232062,0.000232924,0.000233789,0.000234715,0.000235639,0.000236595,0.000237578,0.000238594,0.000239641,0.000240688,0.000241764,0.000242904,70
42,0.00010194,0.000222577,0.000222082,0.000221518,0.000220937,0.000220352,0.000219715,0.000219093,0.000218294,0.000217601,0.000216957,0.000216287,0.000215633,0.000215015,0.000214345,0.000213715,0.000213088,0.000212588,0.000211964,0.000211374,0.000210939,0.000210445,0.000210018,0.000209627,0.000209232,0.00020899,0.00020869,0.000208452,0.000208218,0.000208138,0.000208088,0.000208075,0.000208245,0.000208449,0.000208715,0.000209106,0.000209561,0.000210145,0.000210851,0.000211626,0.000212563,0.000213722,0.000215016,0.000216604,0.000218366,0.000220401,0.000222685,0.000225222,0.000227984,0.000230966,0.00023401,0.000237106,0.000240111,0.000242979,0.00024538,0.000247359,0.000248686,0.00024932,0.000249195,0.000248347,0.000246811,0.000244666,0.000242014,0.000239114,0.000236281,0.000233225,0.000230265,0.000227529,0.000225067,0.000223,0.000221252,0.00021985,0.000218766,0.000217966,0.000217413,0.00021707,0.00021687,0.000216776,0.000216783,0.000216892,0.000217035,0.000217211,0.000217452,0.000217727,0.000218033,0.000218371,0.000218741,0.000219143,0.000219544,0.000220008,0.000220473,0.000220939,0.000221434,0.000221963,0.00022252,0.00022308,0.000223669,0.000224258,0.000224878,0.000225528,0.000226179,0.000226859,0.000227571,0.000228282,0.000229024,0.000229796,0.000230568,0.000231402,0.000232205,0.000233068,0.000233962,0.000234857,0.000235783,0.000236739,0.000237693,0.00023871,0.000239756,0.000240803,0.00024188,0.000243018,70
46,4.08E-05,4.06E-05,4.04E-05,4.03E-05,4.03E-05,4.01E-05,4.00E-05,3.98E-05,3.98E-05,3.96E-05,3.94E-05,3.92E-05,3.90E-05,3.89E-05,3.87E-05,3.86E-05,3.85E-05,3.83E-05,3.81E-05,3.80E-05,3.79E-05,3.78E-05,3.77E-05,3.76E-05,3.75E-05,3.75E-05,3.75E-05,3.75E-05,3.76E-05,3.76E-05,3.78E-05,3.79E-05,3.81E-05,3.83E-05,3.86E-05,3.89E-05,3.92E-05,3.95E-05,4.00E-05,4.03E-05,4.08E-05,4.12E-05,4.16E-05,4.20E-05,4.24E-05,4.26E-05,4.28E-05,4.30E-05,4.31E-05,4.31E-05,4.31E-05,4.30E-05,4.28E-05,4.26E-05,4.24E-05,4.23E-05,4.20E-05,4.17E-05,4.15E-05,4.14E-05,4.11E-05,4.09E-05,4.07E-05,4.05E-05,4.03E-05,4.02E-05,4.01E-05,3.99E-05,3.99E-05,3.98E-05,3.98E-05,3.98E-05,3.98E-05,3.99E-05,3.99E-05,4.00E-05,4.00E-05,4.02E-05,4.03E-05,4.04E-05,4.06E-05,4.07E-05,4.08E-05,4.10E-05,4.12E-05,4.14E-05,4.15E-05,4.17E-05,4.20E-05,4.21E-05,4.24E-05,4.26E-05,4.28E-05,4.31E-05,4.34E-05,4.36E-05,4.38E-05,4.41E-05,4.44E-05,4.47E-05,4.51E-05,4.54E-05,4.57E-05,4.60E-05,4.64E-05,4.68E-05,4.72E-05,4.76E-05,4.80E-05,4.84E-05,4.89E-05,4.93E-05,4.99E-05,5.04E-05,5.08E-05,5.14E-05,5.20E-05,5.25E-05,5.31E-05,5.37E-05,10
47,4.17E-05,4.15E-05,4.13E-05,4.11E-05,4.10E-05,4.09E-05,4.08E-05,4.07E-05,4.05E-05,4.04E-05,4.03E-05,4.00E-05,3.99E-05,3.97E-05,3.96E-05,3.94E-05,3.93E-05,3.91E-05,3.89E-05,3.88E-05,3.86E-05,3.85E-05,3.85E-05,3.84E-05,3.84E-05,3.83E-05,3.83E-05,3.84E-05,3.84E-05,3.85E-05,3.86E-05,3.87E-05,3.89E-05,3.91E-05,3.94E-05,3.97E-05,4.00E-05,4.04E-05,4.08E-05,4.12E-05,4.17E-05,4.21E-05,4.24E-05,4.28E-05,4.31E-05,4.34E-05,4.37E-05,4.38E-05,4.39E-05,4.40E-05,4.40E-05,4.38E-05,4.36E-05,4.35E-05,4.32E-05,4.30E-05,4.27E-05,4.25E-05,4.23E-05,4.20E-05,4.18E-05,4.16E-05,4.13E-05,4.12E-05,4.10E-05,4.08E-05,4.07E-05,4.06E-05,4.05E-05,4.05E-05,4.05E-05,4.04E-05,4.05E-05,4.05E-05,4.06E-05,4.06E-05,4.07E-05,4.08E-05,4.10E-05,4.10E-05,4.13E-05,4.13E-05,4.15E-05,4.16E-05,4.18E-05,4.20E-05,4.22E-05,4.24E-05,4.26E-05,4.28E-05,4.30E-05,4.33E-05,4.35E-05,4.38E-05,4.41E-05,4.43E-05,4.45E-05,4.48E-05,4.52E-05,4.54E-05,4.58E-05,4.61E-05,4.64E-05,4.68E-05,4.72E-05,4.76E-05,4.80E-05,4.83E-05,4.87E-05,4.92E-05,4.97E-05,5.02E-05,5.06E-05,5.12E-05,5.16E-05,5.22E-05,5.28E-05,5.33E-05,5.39E-05,5.46E-05,10
48,4.25E-05,4.22E-05,4.20E-05,4.19E-05,4.17E-05,4.17E-05,4.15E-05,4.14E-05,4.12E-05,4.11E-05,4.09E-05,4.07E-05,4.06E-05,4.04E-05,4.02E-05,4.00E-05,3.99E-05,3.97E-05,3.96E-05,3.95E-05,3.93E-05,3.92E-05,3.91E-05,3.90E-05,3.89E-05,3.89E-05,3.90E-05,3.90E-05,3.90E-05,3.91E-05,3.93E-05,3.94E-05,3.96E-05,3.99E-05,4.01E-05,4.05E-05,4.08E-05,4.12E-05,4.16E-05,4.20E-05,4.24E-05,4.29E-05,4.33E-05,4.37E-05,4.40E-05,4.44E-05,4.46E-05,4.48E-05,4.48E-05,4.49E-05,4.48E-05,4.47E-05,4.45E-05,4.43E-05,4.40E-05,4.38E-05,4.35E-05,4.32E-05,4.30E-05,4.27E-05,4.25E-05,4.22E-05,4.20E-05,4.19E-05,4.17E-05,4.15E-05,4.14E-05,4.12E-05,4.11E-05,4.10E-05,4.11E-05,4.10E-05,4.10E-05,4.10E-05,4.11E-05,4.11E-05,4.13E-05,4.14E-05,4.15E-05,4.16E-05,4.18E-05,4.18E-05,4.20E-05,4.22E-05,4.23E-05,4.25E-05,4.27E-05,4.30E-05,4.31E-05,4.34E-05,4.35E-05,4.38E-05,4.40E-05,4.43E-05,4.46E-05,4.48E-05,4.51E-05,4.54E-05,4.57E-05,4.60E-05,4.63E-05,4.66E-05,4.70E-05,4.74E-05,4.77E-05,4.81E-05,4.85E-05,4.90E-05,4.93E-05,4.98E-05,5.02E-05,5.07E-05,5.12E-05,5.17E-05,5.22E-05,5.28E-05,5.34E-05,5.40E-05,5.46E-05,5.53E-05,10
49,6.98E-05,7.25E-05,7.22E-05,7.19E-05,7.17E-05,7.14E-05,7.10E-05,7.08E-05,7.05E-05,7.04E-05,7.01E-05,6.97E-05,6.94E-05,6.94E-05,6.91E-05,6.89E-05,6.87E-05,6.85E-05,6.82E-05,6.81E-05,6.80E-05,6.77E-05,6.76E-05,6.77E-05,6.76E-05,6.76E-05,6.77E-05,6.78E-05,6.80E-05,6.82E-05,6.84E-05,6.87E-05,6.92E-05,6.97E-05,7.03E-05,7.09E-05,7.18E-05,7.27E-05,7.36E-05,7.48E-05,7.59E-05,7.72E-05,7.84E-05,7.97E-05,8.10E-05,8.21E-05,8.33E-05,8.43E-05,8.51E-05,8.57E-05,8.60E-05,8.62E-05,8.60E-05,8.56E-05,8.50E-05,8.43E-05,8.33E-05,8.25E-05,8.15E-05,8.04E-05,7.94E-05,7.86E-05,7.77E-05,7.69E-05,7.62E-05,7.56E-05,7.49E-05,7.44E-05,7.41E-05,7.38E-05,7.36E-05,7.34E-05,7.34E-05,7.34E-05,7.34E-05,7.35E-05,7.35E-05,7.36E-05,7.38E-05,7.40E-05,7.42E-05,7.45E-05,7.47E-05,7.49E-05,7.52E-05,7.55E-05,7.58E-05,7.62E-05,7.65E-05,7.69E-05,7.73E-05,7.76E-05,7.80E-05,7.85E-05,7.89E-05,7.93E-05,7.98E-05,8.01E-05,8.06E-05,8.12E-05,8.16E-05,8.21E-05,8.27E-05,8.33E-05,8.38E-05,8.44E-05,8.50E-05,8.57E-05,8.62E-05,8.69E-05,8.76E-05,8.83E-05,8.90E-05,8.99E-05,9.05E-05,9.13E-05,9.22E-05,9.30E-05,9.39E-05,9.48E-05,30
50,7.35E-05,7.78E-05,7.76E-05,7.73E-05,7.71E-05,7.68E-05,7.64E-05,7.61E-05,7.56E-05,7.53E-05,7.50E-05,7.47E-05,7.46E-05,7.42E-05,7.40E-05,7.37E-05,7.37E-05,7.34E-05,7.32E-05,7.30E-05,7.27E-05,7.27E-05,7.25E-05,7.24E-05,7.24E-05,7.25E-05,7.24E-05,7.25E-05,7.27E-05,7.29E-05,7.32E-05,7.35E-05,7.39E-05,7.45E-05,7.50E-05,7.57E-05,7.65E-05,7.73E-05,7.84E-05,7.95E-05,8.06E-05,8.19E-05,8.32E-05,8.45E-05,8.58E-05,8.70E-05,8.82E-05,8.93E-05,9.02E-05,9.09E-05,9.12E-05,9.13E-05,9.12E-05,9.08E-05,9.01E-05,8.94E-05,8.85E-05,8.75E-05,8.64E-05,8.54E-05,8.44E-05,8.35E-05,8.26E-05,8.17E-05,8.09E-05,8.03E-05,7.98E-05,7.92E-05,7.88E-05,7.84E-05,7.81E-05,7.80E-05,7.79E-05,7.79E-05,7.79E-05,7.80E-05,7.82E-05,7.83E-05,7.84E-05,7.87E-05,7.89E-05,7.91E-05,7.93E-05,7.96E-05,7.99E-05,8.01E-05,8.05E-05,8.08E-05,8.11E-05,8.14E-05,8.19E-05,8.23E-05,8.26E-05,8.31E-05,8.34E-05,8.38E-05,8.43E-05,8.48E-05,8.54E-05,8.59E-05,8.63E-05,8.69E-05,8.74E-05,8.80E-05,8.85E-05,8.91E-05,8.97E-05,9.04E-05,9.10E-05,9.18E-05,9.25E-05,9.31E-05,9.38E-05,9.46E-05,9.54E-05,9.62E-05,9.71E-05,9.79E-05,9.88E-05,9.97E-05,30
51,7.61E-05,8.19E-05,8.17E-05,8.14E-05,8.11E-05,8.08E-05,8.05E-05,8.01E-05,7.97E-05,7.94E-05,7.92E-05,7.87E-05,7.84E-05,7.82E-05,7.78E-05,7.77E-05,7.74E-05,7.70E-05,7.69E-05,7.66E-05,7.65E-05,7.63E-05,7.61E-05,7.61E-05,7.61E-05,7.60E-05,7.59E-05,7.61E-05,7.63E-05,7.64E-05,7.68E-05,7.71E-05,7.76E-05,7.81E-05,7.87E-05,7.93E-05,8.02E-05,8.10E-05,8.19E-05,8.31E-05,8.42E-05,8.56E-05,8.67E-05,8.81E-05,8.97E-05,9.09E-05,9.21E-05,9.31E-05,9.41E-05,9.47E-05,9.52E-05,9.52E-05,9.51E-05,9.47E-05,9.40E-05,9.33E-05,9.24E-05,9.12E-05,9.02E-05,8.92E-05,8.81E-05,8.71E-05,8.61E-05,8.52E-05,8.43E-05,8.36E-05,8.28E-05,8.25E-05,8.18E-05,8.13E-05,8.13E-05,8.12E-05,8.09E-05,8.11E-05,8.09E-05,8.12E-05,8.13E-05,8.13E-05,8.16E-05,8.19E-05,8.21E-05,8.23E-05,8.25E-05,8.30E-05,8.31E-05,8.35E-05,8.37E-05,8.42E-05,8.44E-05,8.49E-05,8.53E-05,8.56E-05,8.60E-05,8.64E-05,8.69E-05,8.73E-05,8.77E-05,8.83E-05,8.87E-05,8.92E-05,8.97E-05,9.02E-05,9.08E-05,9.13E-05,9.18E-05,9.26E-05,9.32E-05,9.38E-05,9.44E-05,9.51E-05,9.59E-05,9.66E-05,9.73E-05,9.82E-05,9.89E-05,9.95E-05,0.000100337,0.000101226,0.000102167,0.000103058,30
52,0.000101229,0.000182984,0.00018255,0.000182104,0.000181631,0.000181098,0.000180503,0.000179888,0.000179288,0.000178729,0.000178208,0.000177666,0.000177164,0.000176691,0.000176224,0.00017576,0.000175233,0.000174741,0.000174154,0.000173851,0.000173506,0.000173112,0.000172742,0.000172257,0.000172045,0.00017181,0.000171669,0.000171676,0.000171587,0.000172003,0.000172013,0.000171884,0.000172113,0.000172535,0.000172826,0.000173398,0.00017368,0.000174576,0.000175255,0.000176534,0.000177483,0.000178764,0.000180208,0.000182074,0.000183923,0.000186012,0.000188314,0.000190527,0.000193038,0.000195626,0.000197841,0.000200126,0.000202254,0.000203593,0.000204759,0.000205437,0.000205287,0.000204475,0.000203609,0.000202047,0.000200258,0.000198174,0.000196083,0.000193825,0.000191754,0.000189703,0.000187959,0.000186263,0.000185025,0.000183925,0.000183102,0.000182499,0.000182037,0.000181791,0.000181589,0.00018173,0.000181708,0.000181963,0.000182112,0.000182347,0.000182674,0.000183006,0.000183094,0.000183733,0.000184166,0.000184479,0.00018499,0.000185511,0.000185939,0.000186523,0.000186861,0.000187516,0.000188134,0.000188737,0.000189294,0.000189907,0.000190642,0.000191237,0.000191885,0.000192437,0.000193446,0.000194191,0.000194924,0.000195632,0.000196465,0.000197354,0.000198248,0.000199044,0.000200057,0.000200886,0.000201866,0.000202878,0.000203799,0.000204869,0.00020585,0.000206919,0.000208114,0.000209246,0.000210319,0.000211442,50
53,0.000101302,0.000187922,0.000187483,0.000187002,0.000186472,0.000185935,0.00018534,0.000184695,0.000184122,0.000183531,0.00018298,0.00018244,0.000181902,0.000181432,0.000180962,0.000180468,0.000180032,0.000179565,0.000179073,0.000178518,0.000178181,0.000177811,0.000177292,0.000176952,0.000176714,0.000176407,0.0001762,0.000176211,0.000175959,0.000176212,0.000176339,0.000176626,0.000176652,0.000176823,0.000177362,0.000177697,0.000178387,0.000179063,0.000180022,0.000180911,0.000181801,0.00018308,0.000184638,0.000186178,0.000188118,0.000189944,0.000192266,0.000194696,0.000197112,0.000199704,0.00020208,0.000204413,0.000206439,0.000207936,0.000208968,0.000209643,0.000209607,0.00020904,0.000207943,0.000206425,0.000204632,0.000202405,0.000200231,0.000197999,0.000195793,0.000193613,0.000191855,0.000190232,0.000188799,0.000187695,0.000186723,0.000186048,0.000185738,0.000185468,0.000185262,0.000185222,0.000185323,0.000185549,0.000185661,0.000185744,0.000186222,0.000186565,0.000186865,0.000187315,0.000187805,0.000188146,0.000188441,0.000188994,0.000189516,0.0001901,0.0001905,0.000190933,0.000191508,0.000192104,0.00019269,0.000193452,0.000193887,0.000194567,0.000195421,0.000195976,0.000196723,0.000197365,0.000198217,0.000199027,0.000199948,0.000200564,0.000201381,0.000202454,0.000203196,0.000204086,0.000205068,0.000206053,0.000207068,0.000207779,0.000208864,0.000210001,0.000211074,0.000212302,0.000213315,0.000214407,50
54,0.000101343,0.000190791,0.000190338,0.00018986,0.000189352,0.000188787,0.000188163,0.000187547,0.000186945,0.000186354,0.000185772,0.000185261,0.000184692,0.000184189,0.000183689,0.000183193,0.000182725,0.000182229,0.000181701,0.000181296,0.000180772,0.00018028,0.00017997,0.000179724,0.000179575,0.000179331,0.000179187,0.00017907,0.000179139,0.000178875,0.000178983,0.000178997,0.000179197,0.000179592,0.00017992,0.000180403,0.000180835,0.000181718,0.000182449,0.00018366,0.000184442,0.0001858,0.000187391,0.000188955,0.000190775,0.000192786,0.000194801,0.000197312,0.000199685,0.000202238,0.000204523,0.000207001,0.000209045,0.000210776,0.000211703,0.000212153,0.000212275,0.000211719,0.000210647,0.000209102,0.000207054,0.000205221,0.000202933,0.000200705,0.000198489,0.000196304,0.000194436,0.000192855,0.000191115,0.000189988,0.000189011,0.00018834,0.000187974,0.000187811,0.000187693,0.000187715,0.00018769,0.000187856,0.000187968,0.000188261,0.000188501,0.000188802,0.000189135,0.000189467,0.000189834,0.000190049,0.000190599,0.000191029,0.000191554,0.000192042,0.000192444,0.000193192,0.000193934,0.000194419,0.000195007,0.000195626,0.000196235,0.000196656,0.000197505,0.000198145,0.000198918,0.000199623,0.00020036,0.000201119,0.000201868,0.000202711,0.000203331,0.00020441,0.000205179,0.000206072,0.000206963,0.00020794,0.000208919,0.000209872,0.000210912,0.000211895,0.000212965,0.000214066,0.000215259,0.00021639,50
55,0.000101072,0.000199915,0.0001996,0.000199294,0.000198871,0.000198173,0.000197631,0.000197234,0.000196619,0.000195903,0.000195472,0.000194867,0.000194237,0.000193767,0.000193118,0.00019246,0.000191969,0.000191413,0.00019103,0.00019048,0.000190144,0.000189693,0.00018927,0.000188972,0.000188703,0.000188438,0.000188202,0.000188059,0.00018795,0.000187872,0.000187826,0.000187783,0.000187954,0.000188193,0.000188522,0.000188853,0.000189308,0.000189765,0.000190475,0.000191281,0.000192183,0.000193091,0.000194378,0.000195926,0.000197611,0.000199473,0.00020164,0.000203962,0.000206564,0.000209355,0.000212303,0.000215366,0.000218381,0.00022127,0.000223922,0.000226169,0.0002279,0.000229045,0.000229504,0.000229337,0.000228488,0.000227058,0.000225151,0.000222899,0.000220439,0.000217807,0.000215166,0.000212646,0.000210253,0.000208122,0.00020629,0.000204733,0.000203485,0.00020252,0.000201802,0.000201177,0.000200944,0.000200825,0.000200782,0.000200811,0.00020094,0.000201107,0.000201337,0.000201604,0.000201935,0.000202268,0.000202692,0.000203093,0.000203551,0.000204013,0.000204536,0.00020506,0.000205617,0.000206206,0.000206823,0.000207411,0.000208063,0.000208744,0.000209424,0.000210136,0.000210847,0.00021159,0.000212393,0.000213165,0.000214,0.000214802,0.000215666,0.000216529,0.000217453,0.000218348,0.000219304,0.000220257,0.000221212,0.000222229,0.000223242,0.000224289,0.000225362,0.000226468,0.000227575,0.000228741,70
56,0.000101697,0.000208478,0.000208172,0.00020769,0.000207219,0.000206635,0.000206057,0.000205453,0.000204747,0.000204083,0.000203432,0.00020288,0.000202186,0.000201616,0.000201118,0.000200652,0.000200095,0.000199599,0.000199106,0.000198612,0.000198179,0.000197749,0.00019738,0.000197012,0.000196738,0.000196496,0.000196285,0.000196107,0.000196024,0.000195972,0.000195954,0.00019603,0.000196136,0.000196338,0.000196603,0.000196962,0.000197354,0.000197904,0.000198549,0.000199323,0.000200226,0.000201321,0.00020261,0.000204103,0.000205862,0.000207829,0.000210013,0.000212417,0.000215042,0.000217856,0.000220789,0.000223773,0.000226666,0.000229362,0.000231718,0.000233595,0.000234947,0.000235613,0.000235622,0.000235003,0.000233705,0.000231894,0.000229671,0.000227173,0.000224473,0.000221758,0.000219105,0.000216581,0.000214284,0.000212258,0.000210565,0.000209157,0.00020809,0.000207243,0.000206643,0.000206255,0.00020604,0.000205937,0.000205905,0.000206005,0.00020614,0.000206313,0.00020658,0.00020685,0.000207154,0.00020752,0.000207917,0.000208317,0.000208749,0.000209211,0.000209706,0.000210201,0.000210758,0.000211285,0.000211873,0.000212493,0.000213114,0.000213732,0.000214382,0.000215063,0.000215744,0.000216456,0.000217197,0.00021794,0.00021871,0.000219483,0.000220348,0.00022118,0.000222042,0.000222937,0.000223829,0.000224755,0.000225677,0.000226694,0.000227678,0.000228693,0.000229706,0.000230782,0.000231887,0.000233023,70
57,0.000101824,0.000214084,0.000213655,0.000213157,0.000212614,0.000212055,0.0002115,0.000210853,0.000210211,0.000209548,0.000208931,0.000208227,0.000207589,0.000206989,0.000206483,0.000205925,0.000205428,0.00020493,0.000204435,0.000203938,0.000203442,0.000202979,0.000202611,0.000202273,0.000201966,0.000201693,0.000201452,0.000201275,0.00020119,0.000201109,0.00020115,0.000201194,0.000201363,0.000201595,0.000201919,0.00020231,0.000202795,0.000203405,0.000204112,0.000204948,0.000205943,0.000207072,0.000208398,0.000209896,0.000211631,0.000213578,0.000215682,0.000218097,0.000220705,0.000223436,0.000226255,0.00022921,0.000232009,0.000234574,0.000236765,0.000238503,0.000239623,0.000240117,0.00023989,0.000239067,0.000237597,0.000235646,0.000233255,0.000230655,0.000227883,0.00022513,0.000222411,0.000219884,0.00021762,0.000215629,0.000213976,0.000212639,0.000211582,0.000210809,0.00021028,0.0002099,0.000209724,0.000209623,0.000209656,0.000209727,0.000209865,0.000210039,0.000210276,0.000210548,0.000210851,0.000211187,0.000211585,0.000211955,0.000212386,0.000212849,0.000213344,0.000213808,0.000214335,0.000214862,0.000215419,0.000216007,0.000216596,0.000217183,0.000217834,0.000218453,0.000219134,0.000219816,0.000220525,0.000221267,0.000222009,0.00022278,0.000223616,0.000224417,0.00022525,0.000226112,0.000227007,0.0002279,0.000228824,0.00022981,0.000230795,0.00023178,0.000232826,0.000233903,0.000234947,0.000236053,70
61,8.55E-05,9.45E-05,9.42E-05,9.39E-05,9.36E-05,9.32E-05,9.29E-05,9.26E-05,9.22E-05,9.19E-05,9.15E-05,9.12E-05,9.09E-05,9.06E-05,9.02E-05,8.99E-05,8.96E-05,8.93E-05,8.91E-05,8.88E-05,8.86E-05,8.85E-05,8.82E-05,8.81E-05,8.80E-05,8.79E-05,8.78E-05,8.78E-05,8.78E-05,8.79E-05,8.80E-05,8.81E-05,8.83E-05,8.86E-05,8.88E-05,8.91E-05,8.94E-05,8.97E-05,9.01E-05,9.05E-05,9.09E-05,9.13E-05,9.17E-05,9.21E-05,9.25E-05,9.28E-05,9.30E-05,9.32E-05,9.33E-05,9.34E-05,9.35E-05,9.34E-05,9.33E-05,9.31E-05,9.30E-05,9.28E-05,9.26E-05,9.25E-05,9.22E-05,9.21E-05,9.19E-05,9.18E-05,9.16E-05,9.16E-05,9.16E-05,9.15E-05,9.16E-05,9.16E-05,9.17E-05,9.18E-05,9.20E-05,9.21E-05,9.24E-05,9.25E-05,9.28E-05,9.30E-05,9.33E-05,9.36E-05,9.38E-05,9.41E-05,9.44E-05,9.47E-05,9.50E-05,9.53E-05,9.57E-05,9.60E-05,9.64E-05,9.67E-05,9.71E-05,9.74E-05,9.79E-05,9.83E-05,9.87E-05,9.90E-05,9.95E-05,1.00E-04,0.000100438,0.000100907,0.000101491,0.000101905,0.000102354,0.000102875,0.000103387,0.000103962,0.00010457,0.000105114,0.000105731,0.000106376,0.000106989,0.000107712,0.000108329,0.000109034,0.000109775,0.000110514,0.000111318,0.000112138,0.000112881,0.000113663,0.000114612,0.000115514,10
62,8.65E-05,9.63E-05,9.61E-05,9.58E-05,9.55E-05,9.52E-05,9.48E-05,9.44E-05,9.41E-05,9.37E-05,9.34E-05,9.32E-05,9.28E-05,9.25E-05,9.21E-05,9.19E-05,9.16E-05,9.14E-05,9.11E-05,9.08E-05,9.06E-05,9.04E-05,9.02E-05,9.01E-05,9.00E-05,8.99E-05,8.99E-05,8.99E-05,8.99E-05,8.99E-05,9.00E-05,9.01E-05,9.03E-05,9.05E-05,9.08E-05,9.11E-05,9.14E-05,9.18E-05,9.21E-05,9.25E-05,9.29E-05,9.33E-05,9.37E-05,9.41E-05,9.45E-05,9.48E-05,9.50E-05,9.52E-05,9.53E-05,9.54E-05,9.55E-05,9.54E-05,9.52E-05,9.51E-05,9.49E-05,9.46E-05,9.45E-05,9.43E-05,9.41E-05,9.38E-05,9.36E-05,9.34E-05,9.33E-05,9.32E-05,9.31E-05,9.31E-05,9.30E-05,9.31E-05,9.32E-05,9.33E-05,9.34E-05,9.36E-05,9.38E-05,9.40E-05,9.41E-05,9.44E-05,9.46E-05,9.49E-05,9.51E-05,9.54E-05,9.58E-05,9.60E-05,9.63E-05,9.66E-05,9.69E-05,9.71E-05,9.75E-05,9.79E-05,9.82E-05,9.85E-05,9.89E-05,9.93E-05,9.97E-05,0.000100138,0.000100624,0.000101025,0.000101452,0.000101936,0.000102421,0.000102862,0.000103398,0.000103909,0.00010442,0.000105031,0.000105605,0.00010611,0.000106737,0.000107353,0.000107967,0.000108574,0.000109231,0.000109904,0.000110642,0.000111422,0.000112145,0.000112996,0.000113693,0.000114584,0.000115361,0.000116273,10
63,8.72E-05,9.74E-05,9.71E-05,9.68E-05,9.65E-05,9.62E-05,9.58E-05,9.55E-05,9.52E-05,9.49E-05,9.45E-05,9.42E-05,9.38E-05,9.35E-05,9.32E-05,9.29E-05,9.26E-05,9.23E-05,9.21E-05,9.18E-05,9.16E-05,9.14E-05,9.12E-05,9.11E-05,9.09E-05,9.09E-05,9.08E-05,9.08E-05,9.08E-05,9.08E-05,9.10E-05,9.10E-05,9.13E-05,9.15E-05,9.18E-05,9.20E-05,9.23E-05,9.27E-05,9.31E-05,9.35E-05,9.39E-05,9.42E-05,9.47E-05,9.51E-05,9.54E-05,9.57E-05,9.60E-05,9.62E-05,9.64E-05,9.64E-05,9.64E-05,9.64E-05,9.62E-05,9.60E-05,9.58E-05,9.57E-05,9.54E-05,9.52E-05,9.49E-05,9.47E-05,9.45E-05,9.43E-05,9.42E-05,9.41E-05,9.40E-05,9.40E-05,9.40E-05,9.40E-05,9.41E-05,9.42E-05,9.43E-05,9.44E-05,9.46E-05,9.48E-05,9.50E-05,9.52E-05,9.54E-05,9.57E-05,9.60E-05,9.63E-05,9.65E-05,9.68E-05,9.71E-05,9.74E-05,9.77E-05,9.80E-05,9.84E-05,9.87E-05,9.90E-05,9.94E-05,9.98E-05,0.000100296,0.000100643,0.000100993,0.000101444,0.000101974,0.000102296,0.000102832,0.000103241,0.00010372,0.000104199,0.000104799,0.000105279,0.00010577,0.000106423,0.000106971,0.000107578,0.000108167,0.000108815,0.000109435,0.000110049,0.000110759,0.000111532,0.000112133,0.000112839,0.000113627,0.000114453,0.000115251,0.000116034,0.000116894,10
64,0.000101039,0.000148618,0.0001482,0.000147786,0.000147282,0.000146928,0.00014649,0.000146012,0.000145608,0.000145149,0.000144712,0.00014434,0.0001439,0.000143528,0.000143066,0.000142679,0.000142379,0.000142,0.000141639,0.000141277,0.000141018,0.000140767,0.000140535,0.000140396,0.000140278,0.000140132,0.000140148,0.000140183,0.000140224,0.000140377,0.000140628,0.000140906,0.000141292,0.000141858,0.000142312,0.00014299,0.000143822,0.00014472,0.000145717,0.00014691,0.000148146,0.000149544,0.000150983,0.000152494,0.000154062,0.000155567,0.000157037,0.000158396,0.000159512,0.000160398,0.000161073,0.00016139,0.000161382,0.000160998,0.000160392,0.000159501,0.000158377,0.000157152,0.000155829,0.000154578,0.000153236,0.00015198,0.000150913,0.000149942,0.000149089,0.000148474,0.000147969,0.000147591,0.00014737,0.000147323,0.00014731,0.000147405,0.000147553,0.000147751,0.000148013,0.000148281,0.000148657,0.000148958,0.000149298,0.000149657,0.000150102,0.000150495,0.000150886,0.00015134,0.000151808,0.000152258,0.000152743,0.000153301,0.000153799,0.000154344,0.000154898,0.000155478,0.000156062,0.000156664,0.000157258,0.000157933,0.000158549,0.000159177,0.000159921,0.000160523,0.000161299,0.000162057,0.000162777,0.000163621,0.000164386,0.00016514,0.000166021,0.000166849,0.00016774,0.000168607,0.000169494,0.000170463,0.000171513,0.000172384,0.000173382,0.000174399,0.000175457,0.000176481,0.00017762,0.000178683,30
65,0.00010162,0.000154887,0.000154452,0.000153992,0.000153484,0.000153058,0.000152559,0.000152131,0.000151626,0.000151188,0.000150691,0.000150238,0.000149698,0.000149277,0.000148784,0.000148321,0.000147908,0.000147529,0.000147098,0.00014673,0.00014645,0.000146118,0.000145916,0.000145736,0.000145552,0.000145435,0.000145439,0.000145438,0.000145497,0.000145659,0.000145838,0.000146153,0.000146526,0.00014702,0.000147595,0.000148282,0.000149048,0.00014994,0.000150931,0.00015213,0.000153346,0.000154694,0.000156169,0.000157706,0.000159243,0.000160821,0.000162317,0.000163599,0.00016478,0.00016569,0.000166313,0.00016658,0.00016655,0.000166153,0.000165469,0.00016462,0.000163445,0.000162186,0.00016079,0.000159481,0.000158131,0.000156921,0.000155833,0.000154833,0.000154019,0.000153361,0.000152883,0.000152527,0.000152348,0.00015231,0.000152316,0.000152396,0.000152554,0.000152727,0.000152988,0.000153302,0.000153586,0.000153947,0.000154287,0.000154707,0.000155085,0.00015552,0.000155955,0.000156409,0.000156878,0.000157316,0.00015781,0.000158332,0.000158887,0.000159392,0.000159978,0.000160545,0.000161128,0.000161711,0.000162313,0.000162983,0.000163633,0.000164234,0.000164898,0.000165605,0.00016637,0.000167168,0.000167877,0.000168633,0.000169374,0.000170087,0.000170966,0.000171823,0.000172679,0.000173557,0.000174453,0.000175277,0.000176241,0.000177192,0.000178185,0.000179204,0.000180185,0.000181258,0.000182352,0.000183477,30
66,0.000102181,0.000159704,0.000159183,0.000158681,0.000158179,0.000157666,0.000157134,0.00015662,0.000156139,0.000155622,0.000155124,0.000154641,0.00015411,0.000153636,0.000153168,0.000152722,0.000152265,0.000151807,0.000151433,0.000151049,0.000150744,0.000150436,0.000150189,0.000149971,0.000149862,0.000149749,0.000149745,0.000149789,0.000149864,0.000150007,0.000150186,0.000150507,0.000150868,0.000151376,0.000151923,0.000152614,0.000153403,0.000154309,0.000155366,0.000156523,0.000157776,0.00015912,0.000160534,0.000162114,0.000163592,0.00016512,0.000166594,0.000167949,0.000169138,0.000170037,0.000170638,0.000170949,0.00017086,0.000170478,0.000169766,0.000168801,0.00016758,0.000166271,0.000164861,0.000163526,0.000162135,0.000160812,0.000159635,0.000158593,0.000157757,0.000157081,0.000156509,0.000156161,0.000155937,0.000155824,0.000155827,0.000155881,0.000156005,0.000156173,0.00015644,0.000156731,0.000157001,0.000157324,0.00015772,0.000158122,0.000158507,0.00015889,0.000159336,0.000159756,0.00016019,0.000160549,0.00016115,0.00016162,0.000162088,0.000162673,0.000163236,0.000163781,0.000164362,0.000164922,0.000165498,0.000166169,0.000166814,0.000167453,0.000168087,0.000168774,0.000169476,0.00017015,0.000170867,0.000171635,0.000172426,0.000173181,0.000174015,0.000174836,0.000175691,0.00017654,0.000177441,0.000178358,0.000179279,0.000180199,0.000181192,0.000182265,0.000183229,0.000184262,0.000185354,0.000186434,30
67,0.000102783,0.000208563,0.000207967,0.000207339,0.000206725,0.00020613,0.00020558,0.000204995,0.000204401,0.000203868,0.000203313,0.000202787,0.000202277,0.000201742,0.000201239,0.000200714,0.000200216,0.000199758,0.000199262,0.000198831,0.000198409,0.000198111,0.000197778,0.000197513,0.00019728,0.000197115,0.000196984,0.000196916,0.000196941,0.000196966,0.000197102,0.000197293,0.000197545,0.000197944,0.000198419,0.000198958,0.000199621,0.00020048,0.000201437,0.000202632,0.000203938,0.000205464,0.000207134,0.000209118,0.000211218,0.00021342,0.000215728,0.00021808,0.000220345,0.000222456,0.000224269,0.00022569,0.000226628,0.000227009,0.000226894,0.000226105,0.000224951,0.000223354,0.000221421,0.000219331,0.000217121,0.00021496,0.000212879,0.000210963,0.000209317,0.000207912,0.000206782,0.000205877,0.000205252,0.000204818,0.00020458,0.000204455,0.000204468,0.000204557,0.000204714,0.000204945,0.000205231,0.000205518,0.000205825,0.000206208,0.000206596,0.000207016,0.000207401,0.000207751,0.000208184,0.000208553,0.00020905,0.000209531,0.000210074,0.000210622,0.000211177,0.000211724,0.000212303,0.000212913,0.000213545,0.000214142,0.000214815,0.000215476,0.000216082,0.000216822,0.000217513,0.00021825,0.000218973,0.000219732,0.000220546,0.000221312,0.000222131,0.00022299,0.000223825,0.000224697,0.000225601,0.000226562,0.000227533,0.000228467,0.000229452,0.000230476,0.000231474,0.000232571,0.000233599,0.000234701,50
68,0.000102695,0.00021028,0.000209668,0.000209107,0.000208517,0.00020792,0.000207329,0.000206737,0.000206159,0.000205603,0.000205023,0.000204486,0.00020394,0.000203379,0.000202875,0.000202348,0.000201853,0.000201377,0.000200948,0.000200485,0.000200086,0.000199687,0.000199352,0.000199085,0.000198881,0.000198715,0.000198584,0.000198469,0.000198526,0.000198513,0.000198614,0.000198828,0.000199104,0.000199457,0.000199918,0.000200479,0.0002012,0.000202028,0.000202984,0.000204136,0.000205459,0.000207001,0.0002087,0.000210585,0.000212695,0.000214985,0.000217263,0.000219559,0.000221869,0.000223952,0.000225755,0.000227191,0.00022812,0.00022847,0.000228265,0.000227594,0.000226285,0.000224679,0.000222722,0.000220556,0.000218353,0.000216139,0.000214035,0.000212092,0.000210453,0.000209033,0.000207858,0.000207014,0.000206366,0.000205883,0.000205583,0.000205413,0.000205413,0.000205449,0.000205608,0.000205848,0.000206094,0.000206328,0.000206658,0.000207013,0.000207322,0.000207713,0.000208131,0.00020856,0.000208983,0.000209454,0.000209876,0.000210423,0.000210877,0.000211411,0.000211989,0.000212498,0.000213073,0.000213641,0.000214278,0.000214848,0.000215519,0.000216125,0.000216818,0.000217454,0.000218126,0.000218857,0.000219648,0.000220361,0.000221119,0.000221906,0.00022277,0.000223584,0.000224409,0.000225287,0.000226161,0.000227099,0.000228032,0.000228996,0.000229949,0.000230971,0.00023199,0.00023306,0.00023411,0.000235171,50
69,0.000102576,0.000211408,0.000210771,0.000210138,0.000209537,0.000208956,0.000208379,0.000207832,0.000207267,0.000206651,0.000206096,0.000205549,0.000204979,0.000204409,0.000203865,0.00020333,0.000202832,0.000202329,0.000201843,0.000201431,0.000200982,0.000200617,0.000200312,0.000200019,0.000199781,0.000199644,0.000199517,0.000199441,0.000199426,0.000199415,0.000199541,0.000199727,0.000200024,0.00020039,0.000200826,0.000201423,0.000202111,0.000202962,0.000203914,0.000205096,0.000206442,0.000207934,0.00020964,0.000211614,0.00021375,0.000215944,0.000218235,0.000220571,0.000222889,0.000225004,0.000226784,0.000228216,0.000229096,0.000229434,0.000229233,0.000228486,0.000227209,0.00022553,0.000223543,0.000221343,0.000219141,0.000216821,0.000214687,0.000212772,0.000211086,0.000209621,0.000208505,0.000207554,0.000206885,0.000206445,0.000206179,0.000206032,0.000206052,0.000206089,0.000206245,0.000206463,0.00020669,0.000206959,0.000207256,0.000207592,0.00020794,0.000208323,0.000208738,0.000209096,0.000209541,0.000210013,0.000210465,0.000210949,0.000211435,0.000211891,0.000212456,0.000213011,0.000213592,0.0002141,0.000214696,0.000215331,0.000215933,0.000216586,0.000217283,0.000217979,0.000218632,0.000219356,0.000220083,0.000220845,0.000221577,0.000222351,0.000223155,0.000223991,0.000224821,0.000225697,0.000226577,0.000227512,0.000228421,0.000229333,0.000230359,0.000231354,0.000232374,0.000233457,0.000234475,0.000235591,50
70,0.000101854,0.000217757,0.000217238,0.000216718,0.000216143,0.000215574,0.000215006,0.000214453,0.000213904,0.000213369,0.000212839,0.000212286,0.000211767,0.000211251,0.000210731,0.000210248,0.000209735,0.000209248,0.000208799,0.000208349,0.000207961,0.000207575,0.000207284,0.000206996,0.00020674,0.000206548,0.000206419,0.000206353,0.00020632,0.000206352,0.000206408,0.000206574,0.000206823,0.000207141,0.000207553,0.00020809,0.000208759,0.000209516,0.000210451,0.00021158,0.00021288,0.000214387,0.000216107,0.000218138,0.000220334,0.000222799,0.000225417,0.000228168,0.000231002,0.000233715,0.000236262,0.000238543,0.000240349,0.000241643,0.000242242,0.000242206,0.000241467,0.000240107,0.000238282,0.000236017,0.000233503,0.000230855,0.000228173,0.000225658,0.000223319,0.000221281,0.000219589,0.000218188,0.000217105,0.000216308,0.000215763,0.000215434,0.000215251,0.000215235,0.000215297,0.000215462,0.00021566,0.000215892,0.000216198,0.000216467,0.000216854,0.000217217,0.000217541,0.000217973,0.000218392,0.000218844,0.000219297,0.000219782,0.000220268,0.000220783,0.00022135,0.000221896,0.000222472,0.000223027,0.000223628,0.000224274,0.000224879,0.000225512,0.000226182,0.000226849,0.000227543,0.000228246,0.000228975,0.000229705,0.000230461,0.000231247,0.00023201,0.00023286,0.000233711,0.000234587,0.000235468,0.000236377,0.000237285,0.000238256,0.000239224,0.000240186,0.000241221,0.000242248,0.000243337,0.000244425,70
71,0.000101896,0.000218352,0.000217863,0.000217347,0.000216803,0.000216205,0.000215661,0.000215072,0.000214528,0.000213992,0.000213434,0.00021291,0.000212362,0.000211846,0.000211357,0.000210814,0.00021036,0.000209876,0.000209389,0.000208972,0.000208583,0.000208195,0.000207874,0.000207614,0.000207386,0.000207193,0.000207066,0.000206998,0.000206994,0.000207026,0.000207119,0.000207309,0.000207537,0.000207898,0.000208348,0.000208889,0.000209494,0.000210324,0.000211253,0.000212384,0.000213708,0.000215188,0.00021693,0.000218992,0.000221181,0.000223597,0.000226198,0.000228954,0.000231724,0.000234505,0.000237036,0.000239321,0.000241159,0.000242398,0.000243033,0.000242991,0.000242227,0.000240907,0.000239043,0.000236801,0.000234228,0.000231555,0.000228874,0.000226325,0.00022395,0.000221887,0.000220159,0.000218718,0.000217641,0.000216841,0.000216331,0.000215998,0.000215804,0.000215794,0.000215825,0.00021599,0.000216156,0.000216394,0.000216681,0.000217036,0.000217335,0.000217697,0.000218028,0.000218422,0.000218813,0.000219236,0.000219663,0.000220144,0.000220603,0.000221119,0.000221633,0.000222206,0.000222716,0.000223295,0.00022387,0.00022448,0.000225118,0.000225728,0.000226365,0.000227054,0.000227728,0.000228424,0.000229158,0.000229882,0.000230637,0.000231423,0.000232215,0.000233033,0.00023385,0.000234732,0.000235606,0.000236488,0.000237379,0.000238344,0.000239316,0.000240281,0.00024131,0.000242341,0.000243402,0.00024446,70
72,0.000101844,0.000218408,0.000217924,0.000217378,0.000216805,0.000216269,0.000215697,0.000215111,0.000214536,0.000214001,0.000213445,0.000212921,0.000212375,0.000211857,0.000211375,0.000210859,0.000210372,0.000209886,0.000209432,0.000209014,0.000208624,0.00020827,0.000207949,0.000207655,0.000207431,0.000207266,0.000207107,0.00020704,0.00020704,0.000207102,0.000207227,0.000207385,0.000207665,0.000208044,0.000208491,0.000209061,0.000209731,0.000210561,0.000211523,0.000212674,0.000214004,0.000215544,0.000217303,0.000219331,0.000221524,0.000223965,0.000226601,0.000229321,0.000232086,0.000234805,0.000237314,0.000239538,0.000241302,0.000242534,0.000242939,0.000242867,0.000242184,0.000240941,0.000239148,0.000236943,0.0002344,0.000231691,0.00022904,0.000226432,0.000224055,0.000221927,0.000220147,0.000218706,0.00021757,0.000216717,0.000216176,0.000215808,0.000215596,0.000215524,0.000215558,0.000215657,0.000215825,0.000216057,0.000216326,0.000216621,0.000216949,0.000217283,0.000217652,0.000218041,0.000218461,0.000218883,0.000219374,0.000219853,0.000220322,0.000220845,0.000221392,0.000221937,0.000222479,0.000223054,0.000223658,0.000224262,0.000224903,0.000225497,0.000226171,0.000226868,0.000227535,0.000228229,0.000228959,0.000229689,0.000230478,0.000231265,0.000232078,0.000232894,0.000233714,0.000234603,0.000235482,0.000236394,0.00023734,0.000238272,0.000239243,0.000240213,0.000241206,0.000242265,0.000243291,0.000244386,70
